community_size,lexical_change,ideology_lexical_change,male_ratio,friends_count_mean,friends_count_median,follower_count_mean,follower_count_median,tweet_count_mean,tweet_count_median,tweet_count_rank,gender,age,is_org,betweenness,closeness,cluster_id,category,cluster_group,cluster_name,topic_words,top_follows
480,0.1238,0.0690,0.83,937.88,630,8332.56,132.5,6340.04,1332.5,108,0.17,1.56,0.05,0.92,0.28,0,sports,Martial Arts,wrestler,"wrestl,wwe,wrestler,pro,fan,gamer,sport,#wwe,youtub,championship,fanat,hardcor,savag,xbox,game","TripleH,JohnCena,WWE,steveaustinBSR,RandyOrton,WWEDanielBryan,WWERollins,IAmJericho,TheRock,ShawnMichaels,StephMcMahon,VinceMcMahon,mikethemiz,HEELZiggler,TrueKofi,SashaBanksWWE,WWERomanReigns,WWEUniverse,CMPunk,RealPaigeWWE,BeckyLynchWWE,TheAJMendez,FinnBalor,RealMickFoley,WWECesaro"
3746,0.1207,0.0784,0.86,1290.36,766,3618.46,426.5,7877.87,1037,93,0.13,1.25,0.04,0.96,0.27,1,entertainment,lifestyle,Sex,"freak,dick,dl,bottom,atl,ass,nigga,freaki,top,vers,ver,dm,kik,dude,look","phatrabbitkill2,850Bdt,Yzmab,SRhyheim,Rastadikk1,AtlReddPolo,xgchase,TyroneNJohnnell,Str8ShootahATL,DLXRATED,AtlantaTrade,LustRashad,BeastDatBoss,_itz_TEDDY,Temptations312,Nola_Bwoy,xclusive002,MrMrslimkat,itsmeyoukraving,chino_blac,officialmckell,thaheromars,maxkonnorxxx,AtlantaDl3,"
426,0.1151,0.0588,0.28,1118.40,717.5,1303.96,329,4372.07,1230.5,102,0.69,2.20,0.12,0.92,0.30,2,society,education,Reads,"author,writer,book,write,novel,publish,fiction,reader,editor,bestsel,librarian,rep'd,seri,romanc,cat","nytimesbooks,penguinrandom,goodreads,penguinusa,PublishersWkly,nybooks,nprbooks,simonschuster,ajc,BarackObama,WritersDigest,littlebrown,NewYorker,nytimes,HarperCollins,parisreview,GuardianBooks,latimesbooks,TwitterBooks,neilhimself,TheEllenShow,PenguinBooks,nationalbook,cl_atlanta,NPR"
274,0.1341,0.0716,0.77,798.72,480,568.55,140,4161.41,593,65,0.18,2.03,0.27,0.90,0.30,3,entertainment,lifestyle,Car,"car,automot,auto,market,enthusiast,detail,dealership,tire,f1,truck,vehicl,dealer,cbt,industri,pre-own","Audi,Porsche,MercedesBenz,MercedesBenzUSA,ajc,Ford,Lamborghini,chevrolet,astonmartin,Cadillac,GM,Lexus,BentleyMotors,BarackObama,Maserati_HQ,BMW,BMWUSA,Jaguar,VW,Jeep,wsbtv,NissanUSA,Honda,JaguarUSA,rollsroycecars"
351,0.1629,0.1570,0.68,207.21,101,55.01,14,300.24,14,14,0.32,1.78,0.31,0.80,0.27,4,entertainment,social media,Pop Cuture / Entertainment,"hanna,opp,atlanta,us,locksmith,filthyrichmyteammedo,#elecciones2016,supercar,12z,whoopi,uniqu,facebook,indi,instagram,experi","ajc,ATL_Events,cl_atlanta,AtlantaMagazine,MidtownATL,CityofAtlanta,piedmontpark,espn,ATLINtownPaper,DiscoverAtlanta,jimmyfallon,SportsCenter,GAFollowers,BarackObama,AtlantaBeltLine,cnnbrk,taylorswift13,11AliveNews,KasimReed,TheEllenShow,FOX5Atlanta,AtlantaFalcons,danieltosh,wsbtv,KevinHart4real"
1402,0.0944,0.0517,0.30,591.49,346,701.06,208.5,1870.79,490,53,0.59,2.32,0.30,0.97,0.30,5,society,education,Education,"school,educ,teacher,elementari,princip,learn,student,public,grade,instruct,learner,leader,program,specialist,ap","apsupdate,ajc,georgiadeptofed,CarstarphenMJ,usedgov,educationweek,BarackObama,edutopia,wsbtv,CityofAtlanta,BGCMA_CEO,FultonCoSchools,DrEmilyAMassey,HuffPostEdu,APSPartnerships,KeishaBottoms,GaStandardsOrg,USNewsEducation,DonyallD,gaschoolsnews,dan_a_sims,FOX5Atlanta,AssocSupBattle,KasimReed,WeAreTeachers"
371,0.1333,0.0844,0.09,488.61,325,834.81,132,8056.08,1274,104,0.93,1.31,0.05,0.88,0.28,6,entertainment,lifestyle,Beauty,"makeup,beauti,mua,hair,youtub,fashion,lash,ig,artist,love,esthetician,addict,blogger,skin,lover","UrbanDecay,Sephora,NyxCosmetics,BenefitBeauty,MACcosmetics,tartecosmetics,ColourPopCo,TooFaced,ABHcosmetics,Smashbox,MAKEUPFOREVERUS,NARSCosmetics,MorpheBrushes,stilacosmetics,rihanna,ultabeauty,BarackObama,Jaclynhill,KimKardashian,NikkieTutorials,BobbiBrown,elfcosmetics,KylieJenner,iamcardib,fentybeauty"
671,0.0968,0.0698,0.72,660.39,389,799.41,181,3350.44,493,55,0.30,2.24,0.31,0.94,0.31,7,society,social justice,LGBT,"gay,lgbtq,lgbt,hiv,atlanta,communiti,activist,lesbian,queer,__,transgend,support,tran,aid,pride","atlantapride,ProjectQAtlanta,theGAVoice,HRC,GAEquality,NOH8Campaign,glaad,BarackObama,TheEllenShow,HRCATL,TheAdvocateMag,cl_atlanta,ajc,huffpostqueer,FenuxeMagazine,CityofAtlanta,LambdaLegal,andersoncooper,ladygaga,DavidAtlantaGA,HillaryClinton,outmagazine,cnnbrk,AtlantaMagazine,Oprah"
275,0.1370,0.1040,0.35,756.13,402,760.98,130,6243.01,1124,96,0.62,1.78,0.06,0.85,0.29,8,entertainment,random,Games,"dead,walk,twd,#twdfamili,fan,egyptian,#twd,slinger,gamer,tachanka,_makeup,veeam,i'm,model,nurs","wwwbigbaldhead,WalkingDead_AMC,LaurenCohan,steveyeun,mcbridemelissa,chandlerriggs,AMCTalkingDead,TheWalkingDead,DanaiGurira,Cudlitz,SonequaMG,emmykinney,BarackObama,jimmyfallon,JDMorgan,TheEllenShow,hardwick,RobertKirkman,ajc,wsbtv,jonnybernthal,ChadLColeman,AMC_TV,Laurie_Holden,AlannaMasterson"
209,0.1245,0.0736,0.75,554.97,341,315.20,167,7266.27,1805,119,0.27,1.80,0.04,0.92,0.29,9,sports,Football,steeler,"steeler,#steelersn,pittsburgh,pirat,#steelern,snozberri,love,#steeler,dream,gina,jersey,ain't,str,hate,alumnus","steelers,AB84,TeamJuJu,LeVeonBell,tpolamalu,mvp86hinesward,BarackObama,CoachTomlin,SportsCenter,espn,NFL,jharrison9292,RyanShazier,ajc,KingJames,JeromeBettis36,_BigBen7,bkeisel99,CamHeyward,MaurkicePouncey,_TJWatt,KevinHart4real,GAFollowers,AdamSchefter,Drake"
283,0.1162,0.0727,0.43,577.10,367,767.43,215,4588.56,949,88,0.50,2.16,0.21,0.97,0.32,10,sports,Miscellaneous,Running,"run,runner,marathon,triathlet,5k,race,athlet,fit,ironman,coach,healthi,rrca,ambassador,10k,endur","ATLtrackclub,PeachyRuns,runnersworld,ajc,ajcprr,AtlantaBeltLine,BarackObama,PhidippidesATL,piedmontpark,cnnbrk,wsbtv,ATL_Events,CityofAtlanta,cl_atlanta,AtlantaMagazine,active,brooksrunning,runmeb,Braves,nytimes,WomensRunning,weststride,JeffGalloway,AtlantaFalcons,bostonmarathon"
394,0.1105,0.1168,0.51,785.98,541,515.64,202,968.09,112.5,22,0.35,2.50,0.65,0.99,0.33,11,atlanta,Things To Do in Atlanta,Things To Do in Atlanta,"atlanta,servic,offer,event,locat,us,area,compani,metro,call,clean,apart,busi,restaur,discount","tasteofatlanta,ATLINtownPaper,atlantamusic,yelpatlanta,CityofAtlanta,atlantasocial,AtlantaFalcons,Q997Atlanta,AtlantaSymphony,Braves,CenterStageAtl,DiscoverAtlanta,ZooATL,UndergroundATL,atlantatribune,AtlantaMagazine,AtlantaBallet,atlandco,AtlantaDream,atlantapride,masquerade_atl,AtlantaDNA,AtlantaBeltLine,ajcatlanta,AtlantaParent"
346,0.1271,0.0649,0.48,620.86,380.5,394.70,99,3606.28,604.5,67,0.42,2.05,0.07,0.88,0.30,12,sports,Miscellaneous,Tennis,"tenni,blah,sport,mom,player,cricket,fan,proud,fanat,travel,biostatist,immateri,lover,blooper,shih","rogerfederer,RafaelNadal,DjokerNole,Wimbledon,serenawilliams,usopen,BarackObama,ajc,rolandgarros,MariaSharapova,AustralianOpen,andyroddick,andy_murray,Venuseswilliams,TheEllenShow,cnnbrk,CNN,jimmyfallon,nytimes,atptour,CaroWozniacki,wsbtv,espn,Oprah,TennisChannel"
297,0.1402,0.0829,0.67,592.94,371,630.59,174,12241.76,2474,127,0.38,1.53,0.03,0.91,0.29,13,sports,Miscellaneous,#whodat,"#whodat,orlean,nola,saint,lsu,#saint,dat,new,glass,@saint,#nola,member,cajun,tracklif,sport","Saints,drewbrees,Cantguardmike,A_kamara6,BarackObama,camjordan94,shonrp2,NFL,SeanPayton,markingram21,SportsCenter,LSUfootball,espn,LilTunechi,KingJames,ajc,Drake,AdamSchefter,stephenasmith,BleacherReport,obj,Mathieu_Era,JoeyB,TheEllenShow,JColeNC"
417,0.1136,0.0537,0.62,583.71,368,957.64,207,3743.02,642,71,0.31,2.34,0.51,0.98,0.31,14,society,education,HBCU,"morehous,colleg,spelman,student,educ,cau,@morehous,clark,communiti,univers,hbcu,offici,career,@cau,alumna","Morehouse,SpelmanCollege,ajc,CAU,BarackObama,CityofAtlanta,HowardU,HBCUBuzz,wsbtv,CNN,jarrettcartersr,KeishaBottoms,KasimReed,cl_atlanta,Oprah,themaroontiger,cnnbrk,nytimes,FOX5Atlanta,AtlantaMagazine,BDTSpelman,GAFollowers,MichelleObama,marclamonthill,ATL_Events"
565,0.1361,0.0779,0.89,714.27,399,548.01,133,7040.38,1380,110,0.09,1.39,0.05,0.88,0.28,15,sports,Soccer,International Soccer,"manchest,unit,soccer,fc,arsenal,#ggmu,footbal,@chelseafc,madrid,mufc,fan,que,sport,futbol,chelsea","premierleague,ChampionsLeague,Cristiano,ManUtd,BarackObama,FCBarcelona,ChelseaFC,realmadrid,ATLUTD,FIFAcom,Arsenal,neymarjr,LFC,SkySportsNews,brfootball,KingJames,FIFAWorldCup,realDonaldTrump,Drake,WayneRooney,rihanna,CNN,MesutOzil1088,BBCSport,SkySportsPL"
1015,0.0989,0.0542,0.75,655.71,442,1904.92,174,6744.17,1788,118,0.26,1.82,0.10,0.96,0.30,16,sports,Soccer,Atlanta United (US Soccer),"soccer,unit,@atlutd,#atlutd,atlanta,fan,fc,sport,utd,support,atlutd,#uniteandconqu,mls,club,member","ATLUTD,MLS,DEalesATLUTD,DirtySouthSoc,USMNT,JosefMartinez17,DougRobersonAJC,Longshoe,MFparkhurst,ajc,TerminusLegion,BarackObama,USWNT,JulianGressel,BocaBoca3,bguzan,FdeBoerofficial,alexmorgan13,ESPNFC,atlutd2,FOXSoccer,FootieMob,TaylorTwellman,ResurgenceATL,AtlantaFalcons"
453,0.1311,0.0605,0.50,520.02,299,854.63,223,7460.61,1305,105,0.42,1.88,0.31,0.97,0.31,17,atlanta,University,Georgia State University,"state,georgia,univers,gsu,student,@georgiastateu,#thestateway,panther,graduat,sport,#georgiast,@gsusign,alumna,offici,undergradu","GeorgiaStateU,GSUPanthers,ajc,georgiastateSC,gsusignal,GSUSpotlight,BarackObama,GeorgiaStateFB,GAFollowers,wsbtv,GSUArtSci,CityofAtlanta,gsu_library,CNN,GSUParking,GSU_SGA,GSURecreation,cl_atlanta,AtlantaFalcons,GSU_Research,RobinsonCollege,AtlantaMagazine,GeorgiaStateMBB,GSU_PAC,gsu_news"
282,0.1342,0.0668,0.58,750.59,414,1140.58,160.5,2933.07,379,40,0.41,2.04,0.15,0.90,0.29,18,society,education,Science,"scienc,phd,research,scientist,professor,@georgiatech,candid,student,studi,biolog,engin,@emoryunivers,neurosci,postdoc,emori","sciam,ScienceMagazine,nature,ScienceNews,NatGeo,NatureNews,NASA,newscientist,NSF,WIREDScience,ajc,BarackObama,NYTScience,neiltyson,ScienceChannel,PopSci,nytimes,BillGates,elonmusk,NPR,CityofAtlanta,Discovery,BillNye,scifri,GeorgiaTech"
456,0.1144,0.0541,0.46,818.32,456.5,15879.05,275,5577.42,671.5,72,0.41,2.54,0.50,0.92,0.30,19,society,health,care,"health,healthcar,care,medic,provid,patient,practic,surgeri,prevent,cdc,physician,public,plastic,servic,nurs","NPRHealth,NYTHealth,HarvardHealth,WSJhealth,MayoClinic,NBCNewsHealth,CDCgov,NIH,AmerMedicalAssn,CDC_eHealth,WHO,ajc,HHSGov,WebMD,CBSHealth,USATODAYhealth,bbchealth,PublicHealth,drsanjaygupta,womenshealth,TIMEHealth,nytimes,latimeshealth,CDCemergency,"
514,0.1175,0.0571,0.60,656.06,394,1300.18,279,2084.43,382.5,42,0.43,2.22,0.26,0.99,0.29,20,society,health,Emory,"emori,health,@emorymedicin,research,medicin,@emoryunivers,fellow,care,diseas,professor,medic,md,resid,@winshipatemori,physician","EmoryMedicine,emoryhealthcare,EmoryUniversity,emoryhealthsci,CarlosdelRio7,GradyHealth,CDCgov,ajc,EmoryDeptofMed,BarackObama,NEJM,gradydoctor,NIH,EmoryRollins,nytimes,CityofAtlanta,WHO,WinshipAtEmory,JAMA_current,childrensatl,drsanjaygupta,KeishaBottoms,Atul_Gawande,NPR,AmerMedicalAssn"
355,0.1071,0.0747,0.47,654.43,322,622.28,117,2963.91,371,38,0.47,2.36,0.29,0.92,0.31,21,atlanta,Real Estate,Gwinnett,"gwinnett,mom,consult,realtor,duluth,clean,metro,pilat,profession,develop,help,atlanta,web,famili,counti","GwinnettDaily,ajc,GwinnettNewsNow,wsbtv,GwinnettSchools,GwinnettChamber,GwinnettMag,GDPsports,GwinnettEvents,FOX5Atlanta,11AliveNews,gwinnettctynews,CityofAtlanta,AtlantaMagazine,BarackObama,CityofSuwanee,GAFollowers,AtlantaFalcons,cnnbrk,Infinite_Center,GeorgiaGwinnett,GaLawrenceville,ATL_Events,ExploreGeorgia,cl_atlanta"
329,0.1227,0.1294,0.66,831.00,534,762.15,229,5969.68,1318,107,0.29,1.43,0.13,0.95,0.29,22,entertainment,music,EDM/DJ,"dj,music,edm,produc,electron,remix,bass,danc,festiv,event,liquifi,#edm,techno,promot,spin","Zedd,Skrillex,CalvinHarris,tiesto,deadmau5,steveaoki,MartinGarrix,HARDWELL,diplo,davidguetta,kaskade,ultra,DillonFrancis,afrojack,nickyromero,Alesso,swedishousemfia,knifepartyinc,Fluxpavilion,porterrobinson,tomorrowland,bassnectar,Axwell,Ingrosso,zedsdead"
249,0.1220,0.0776,0.65,1123.84,662,1132.96,140,3173.69,782,80,0.29,1.86,0.14,0.88,0.30,23,entertainment,music,Rock n Roll,"rock,guitar,music,band,guitarist,musician,blue,lukicoleon,vocal,songwrit,roll,floyd,cabinet,metal,cruehead","RollingStones,gunsnroses,PaulMcCartney,MickJagger,thebeatles,Metallica,Slash,ajc,OzzyOsbourne,foofighters,Aerosmith,pinkfloyd,jimmyfallon,RollingStone,PearlJam,ChiliPeppers,officialKeef,IamStevenT,ringostarrmusic,cl_atlanta,BlackSabbath,ConanOBrien,BarackObama,wsbtv,IronMaiden"
337,0.1207,0.0748,0.25,487.83,360,914.02,172,7024.84,2373,126,0.76,1.25,0.02,0.92,0.28,24,society,social justice,LGBTQ: Black,"__,cat,matter,nerd,writer,bi,bitch,black,art,__________,blm,justic,game,lover,#blacklivesmatt","jvn,antoni,bobbyberk,Karamo,tanfrance,QueerEye,BarackObama,chrissyteigen,AOC,TheEllenShow,MichelleObama,jimmyfallon,VancityReynolds,BernieSanders,staceyabrams,StephenAtHome,Lin_Manuel,SenSanders,EmmaWatson,ewarren,ajc,AnnaKendrick47,ChrisEvans,LilNasX,GAFollowers"
285,0.1318,0.0836,0.73,701.06,367,1372.69,201,7694.34,780,79,0.18,1.58,0.15,0.95,0.30,25,entertainment,music,Music Industry,"music,artist,produc,record,book,songwrit,singer,stream,label,album,musician,entertain,avail,email,song","AtlanticRecords,CapitolRecords,Epic_Records,warnerrecords,warnermusic,RCARecords,ColumbiaRecords,UMG,sonymusic,defjam,Interscope,IslandRecords,virginrecords,islandrecordsuk,Drake,emirecords,JColeNC,LilTunechi,Tip,rihanna,ColumbiaUK,BarackObama,kendricklamar,RocNation,billboard"
302,0.1207,0.0676,0.91,466.75,295,1927.64,95,5087.44,698.5,73,0.10,1.63,0.06,0.88,0.28,26,sports,Martial Arts,mma,"mma,belt,ufc,bjj,martial,fighter,god,train,host,2toe,sambo,shit,artist,father,fit","ufc,danawhite,joerogan,TheNotoriousMMA,JonnyBones,NateDiaz209,dc_mma,arielhelwani,ajc,GeorgesStPierre,RondaRousey,BarackObama,realDonaldTrump,GamebredFighter,elonmusk,Cowboycerrone,espn,AtlantaFalcons,KingJames,GAFollowers,SportsCenter,stylebender,MikeTyson,wsbtv,ChaelSonnen"
631,0.0998,0.0608,0.42,771.85,492,997.05,281,4227.05,912,86,0.51,2.04,0.25,0.97,0.31,27,entertainment,movies,Films,"film,actor,actress,filmmak,talent,writer,tv,produc,entertain,model,atlanta,product,director,televis,industri","gafmde,GA_Production,CastingGA,atlantafilmfest,actinginatlanta,BigPicCast,FilmAtlanta,ajc,FilmingInGA,georgiafilmbiz,WIFTAtlanta,HyltonCasting,ReelGA,Extrascasting,cl_atlanta,BarackObama,AtlantaMagazine,ATL_Events,ProjectCasting,JPervisTalent,KeepGAFilmBoom,CityofAtlanta,tylerperry,ActorsAccess,CSCasting"
269,0.1422,0.0849,0.56,584.68,381,1677.42,185,4597.29,625,68,0.43,1.90,0.26,0.88,0.29,28,entertainment,movies,screenwrit,"film,filmmak,director,screenwrit,produc,movi,stori,writer,tv,televis,creativ,actor,editor,award,media","ParamountPics,wbpictures,UniversalPics,SonyPictures,20thcentury,warnerbros,MGM_Studios,ajc,sundancefest,Variety,THR,BarackObama,IndieWire,Tribeca,Lionsgate,TheAcademy,DisneyStudios,filmindependent,IMDb,amblin,ava,nytimes,netflix,EW,WBHomeEnt"
393,0.1566,0.1079,0.61,348.42,169,129.21,27,390.45,29,18,0.35,1.56,0.22,0.87,0.27,29,entertainment,music,Radio: DJs and Atlanta Personalities,"music,artist,follow,money,woot,meallionair,soundz,us,croft,base,god,holm,pkwi,wesley,young","ajc,RickeySmiley,BarackObama,tarajiphenson,SportsCenter,jimmyfallon,V103Atlanta,Kandi,Tip,espn,taylorswift13,TheEllenShow,tylerperry,danieltosh,AtlantaFalcons,KevinHart4real,Drake,UncleRUSH,wsbtv,fatbellybella,ryancameron,hot1079atl,katyperry,KimKardashian,jtimberlake"
370,0.1113,0.0767,0.77,710.84,439.5,860.81,163,4143.84,967.5,90,0.23,2.09,0.26,0.97,0.32,30,atlanta,Things To Do in Atlanta,Pubs,"beer,craft,brew,breweri,atlanta,lover,homebrew,food,drink,tap,brewpub,growler,beverag,brewer,wine","MondayNight,sweetwaterbrew,BeerWildHeaven,TerrapinBeerCo,RedHareBrewing,atlbrewing,ThreeTaverns,orpheusbrewing,ajc,PorterBeerBar,WreckingBar,jekyllbrewing,creaturebeer,brickstorepub,BHB_brews,cl_atlanta,EventideBrewing,JailhouseBrews,HopCity,ATL_Events,BlueTarpBrew,AleYeahBeer,AtlantaMagazine,BeerGeekATL,secondselfbeer"
312,0.1327,0.0839,0.45,616.99,393,3344.39,99.5,3273.48,597.5,66,0.52,1.85,0.09,0.87,0.29,31,entertainment,music,Music,"countri,love,music,life,wife,southern,lover,mom,christ,bankruptci,less,kincaid,dreyon,schreetah,sing","blakeshelton,LukeBryanOnline,Jason_Aldean,mirandalambert,ajc,DierksBentley,carrieunderwood,ericchurch,BradPaisley,TheTimMcGraw,KeithUrban,TheEllenShow,FLAGALine,jakeowen,kennychesney,zacbrownband,jimmyfallon,wsbtv,williebosshog,JaseDuckman,ladya,realDonaldTrump,Braves,AtlantaFalcons,taylorswift13"
1353,0.0870,0.0433,0.58,632.15,349,2234.05,210,3596.06,1174,98,0.45,2.05,0.13,0.94,0.30,32,society,religion,jesus,"jesus,christ,husband,church,pastor,follow,father,love,christian,wife,god,grace,ministri,author,discipl","AndyStanley,louiegiglio,JohnPiper,CSLewisDaily,ajc,lecrae,RickWarren,BethMooreLPM,plattdavid,christomlin,passion268,passioncity,MattChandler74,timkellernyc,desiringGod,crowdermusic,bobgoff,BuckheadChurch,BarackObama,jimmyfallon,JohnCMaxwell,MaxLucado,CatalystLeader,TimTebow,shelleygiglio"
229,0.1259,0.1257,0.52,151.46,69,81.58,10,548.94,13,13,0.41,1.97,0.31,0.91,0.28,33,entertainment,news,Gen-Pop News,"supplement,truck,voicemail,ruth,lunch,es,product,servic,busi,de,artist,perform,gate,provid,im","FultonCoSchools,GwinnettSchools,ajc,wsbtv,Braves,AtlantaFalcons,FOX5Atlanta,ATLHawks,ATL_Events,GAFollowers,11AliveNews,BarackObama,TheEllenShow,jimmyfallon,SportsCenter,cnnbrk,cl_atlanta,AtlantaMagazine,taylorswift13,katyperry,rihanna,realDonaldTrump,CityofAtlanta,KimKardashian,jtimberlake"
231,0.1310,0.0941,0.31,545.37,255,611.66,95,1631.85,201,27,0.65,2.19,0.39,0.88,0.31,34,atlanta,Things To Do in Atlanta,help,"parent,mom,famili,children,school,youth,nanni,doula,help,babi,atlanta,safe,infant,healthi,educ","parentsmagazine,parenting,HuffPostParents,ajc,Todaysparent,wsbtv,Oprah,pbsparents,ATL_Events,cl_atlanta,AtlantaMagazine,BarackObama,ModernMom,TheEllenShow,TodaysMoms,CityofAtlanta,FOX5Atlanta,GAFollowers,momsatwork,thebump,nytimes,BabyCenter,cnnbrk,coolmompicks,ScaryMommy"
752,0.1039,0.0656,0.46,627.25,319,447.05,146,2298.71,391.5,44,0.49,2.62,0.32,0.93,0.30,35,atlanta,Real Estate,Real Estate,"estat,real,realtor,atlanta,home,realti,properti,broker,agent,metro,sell,residenti,mortgag,buyer,buy","nardotrealtor,realtormag,ajc,realtordotcom,zillow,trulia,InmanNews,CityofAtlanta,AtlantaMagazine,NAR_Research,ATL_Events,wsbtv,cl_atlanta,ATLINtownPaper,HousingWire,AtlBizChron,WSJRealEstate,DiscoverAtlanta,AtlantaBeltLine,FOX5Atlanta,MidtownATL,WSJ,AtlantaREALTORS,Forbes,garealtors"
919,0.1057,0.0626,0.27,709.74,425,561.99,118,3936.72,432,48,0.66,1.74,0.25,0.92,0.30,36,entertainment,lifestyle,fashion,"fashion,design,style,jewelri,beauti,stylist,model,women,cloth,hair,boutiqu,brand,shop,accessori,luxuri","voguemagazine,ajc,ELLEmagazine,Burberry,marcjacobs,InStyle,VogueRunway,BarackObama,CHANEL,TheEllenShow,Oprah,MichaelKors,YSL,Dior,marieclaire,harpersbazaarus,LouisVuitton,Versace,Fashionista_com,dolcegabbana,rihanna,WhoWhatWear,VanityFair,wwd,KimKardashian"
593,0.1459,0.1062,0.52,330.28,125,208.15,23,988.67,22,17,0.47,1.83,0.27,0.77,0.27,37,entertainment,news,News,"servic,life,radio,compani,new,us,busi,help,best,music,tax,custom,promot,beauti,profit","ajc,TheEllenShow,jimmyfallon,wsbtv,KevinHart4real,WSJ,taylorswift13,BarackObama,ActuallyNPH,Oprah,katyperry,SportsCenter,ladygaga,nytimes,cnnbrk,azizansari,TheEconomist,voguemagazine,Forbes,GAFollowers,KimKardashian,marcjacobs,justinbieber,mindykaling,CHANEL"
3621,0.0804,0.0423,0.71,852.97,330,991.66,98,5373.72,917,87,0.29,2.23,0.06,0.82,0.28,38,society,politics,Trump,"conserv,#maga,patriot,trump,father,husband,#trump2020,american,#kag,christian,#wwg1wga,maga,proud,god,countri","realDonaldTrump,TuckerCarlson,POTUS,seanhannity,DonaldJTrumpJr,PressSec,IngrahamAngle,WhiteHouse,RealCandaceO,FLOTUS,IvankaTrump,RealJamesWoods,FoxNews,dbongino,marklevinshow,EricTrump,Mike_Pence,VP,KellyannePolls,benshapiro,DineshDSouza,ajc,JudgeJeanine,tedcruz,greggutfeld"
372,0.1569,0.1602,0.53,195.62,100,64.50,13,141.24,9,7,0.47,1.52,0.20,0.84,0.26,39,entertainment,music,hip-hop,"hip-hop,music,rap,entertain,art,lifestyl,soul,show,cute,tv,cultur,us,literatur,cameroon_beauti,imvu","ajc,wsbtv,SnoopDogg,Diddy,cl_atlanta,TreySongz,justinbieber,GAFollowers,Ludacris,jimmyfallon,TMZ,tarajiphenson,CELEBUZZ,jimmykimmel,ATL_Events,fatbellybella,katyperry,llcoolj,Usher,TheRealEve,AtlantaFalcons,rihanna,GwynethPaltrow,aliciakeys,designmilk"
317,0.1524,0.1144,0.76,221.61,103,287.36,11,1955.61,17,15,0.17,1.30,0.11,0.79,0.28,40,sports,Soccer,soccer,"soccer,sport,nfl,nba,rap,soy,hip-hop,deport,game,mlb,mma,music,love,de,footbal","Cristiano,neymarjr,GarethBale11,MesutOzil1088,ajc,wsbtv,GAFollowers,AtlantaFalcons,FALCAO,cl_atlanta,StephenCurry30,KingJames,andresiniesta8,LuisSuarez9,ATLHawks,ATL_Events,rihanna,MarceloM12,jamesdrodriguez,kobebryant,D_DeGea,BarackObama,justinbieber,manuginobili,DezBryant"
574,0.1011,0.0589,0.33,699.77,329.5,716.05,130,3237.30,508.5,59,0.57,2.16,0.38,0.90,0.30,41,entertainment,lifestyle,Interior Design,"design,interior,home,furnitur,decor,architectur,furnish,renov,residenti,servic,art,cabinet,product,estat,apart","ajc,hgtv,AtlantaMagazine,ArchDigest,cl_atlanta,dwell,InteriorDesign,CityofAtlanta,ATL_Events,wsbtv,HouseBeautiful,designmilk,BarackObama,ELLEDECOR,TheEllenShow,joannagaines,wallpapermag,cnnbrk,GAFollowers,ATLINtownPaper,chipgaines,DiscoverAtlanta,nytimes,DIYNetwork,FOX5Atlanta"
538,0.1500,0.1215,0.80,133.25,87,25.06,5,189.14,4,1,0.20,1.40,0.06,0.76,0.25,42,sports,Football,football,"nfl,footbal,sport,nba,rap,hip-hop,ncaa,music,basketbal,wwe,money,laid,i'm,fun,whodietreetop","ajc,wsbtv,DangeRussWilson,paugasol,GAFollowers,cl_atlanta,AtlantaFalcons,RealMikeWilbon,obj,StephenCurry30,DezBryant,mcuban,tarajiphenson,AaronRodgers12,AdamSchefter,CJ1two,ATL_Events,Tip,RGIII,FOX5Atlanta,PeteCarroll,fatbellybella,KasimReed,RobGronkowski,ATLHawks"
379,0.1089,0.0676,0.64,667.31,437,1383.16,268,1872.25,491,54,0.29,2.52,0.37,0.99,0.33,43,atlanta,Real Estate,retail,"estat,real,commerci,#cre,firm,retail,cre,invest,atlanta,tenant,broker,pr,develop,busi,@atlbizchron","AtlBizChron,ajc,CREatlbiz,AtlantaBeltLine,CityofAtlanta,mariasaporta,ajcrealestate,MidtownATL,AtlantaMagazine,MarkToro,cl_atlanta,ATLINtownPaper,atlchamber,CurbedAtlanta,ULI_Atlanta,SaportaReport,AtlBizAmy,InvestAtlanta,KasimReed,BisnowAtlanta,WSJ,CushWakeATL,WhatNowAtlanta,twilbert,downtownatlanta"
469,0.1403,0.0916,0.44,177.64,95,66.13,9,201.35,12,11,0.45,2.04,0.38,0.78,0.27,44,society,social justice,youth,"communiti,provid,breaza,organ,youth,nonprofit,creat,women,labour,foundat,god,servic,group,famili,educ","ajc,UNESCO,amnestyusa,RedCross,SavetheChildren,ICRC,wsbtv,Habitat_org,WorldVision,PeaceCorps,CARE,AtlantaFalcons,GAFollowers,SamaritansPurse,cl_atlanta,ATL_Events,ATLHawks,ONECampaign,CityofAtlanta,FOX5Atlanta,MSF_USA,NASA,AtlantaMagazine,KasimReed,BarackObama"
351,0.1343,0.0685,0.52,125.85,92,27.54,5,122.10,5,2,0.39,1.95,0.20,0.71,0.26,45,society,politics,Elections,"polit,news,manag,agenc,#election2016,american,govern,gov,trump,financ,busi,workday,world,america,i'm","ajc,wsbtv,GAFollowers,AtlantaFalcons,cl_atlanta,NASA,Interior,BBCBreaking,ATL_Events,maddow,StationCDRKelly,ABC,DeptofDefense,BBCWorld,washingtonpost,HuffPost,WIRED,FoxNews,paulkrugman,CityofAtlanta,SpeakerRyan,ATLHawks,JoeNBC,RedCross,HarvardHealth"
255,0.1478,0.1150,0.49,503.77,181,1351.51,52,2974.70,118,23,0.47,1.90,0.19,0.84,0.29,46,entertainment,arts,Photography,"photograph,photographi,wed,base,art,photo,portrait,design,camera,commerci,graphic,atlanta,time,creativ,rug","Photoshop,Lightroom,ajc,500px,wsbtv,cl_atlanta,ATL_Events,NatGeoPhotos,DigitalCameraW,BarackObama,GAFollowers,NatGeo,MuseumModernArt,AtlantaMagazine,BHPhotoVideo,bernabephoto,AtlantaFalcons,CityofAtlanta,TheEllenShow,metmuseum,petapixel,ScottKelby,nytimes,nytimesphoto,FOX5Atlanta"
239,0.1664,0.1587,0.34,118.03,78,49.37,6,368.48,5,2,0.53,1.34,0.13,0.72,0.26,47,entertainment,music,rap,"rap,watch,hip-hop,hobbi,fmoig,movi,music,riftganghustl,beast_queen,theeofficialce,sip,i'm,like,independ,love","ajc,wsbtv,AtlantaFalcons,GAFollowers,cl_atlanta,chrisbrown,pitbull,JLo,MissyElliott,LilTunechi,MacMiller,BrunoMars,KasimReed,chancetherapper,BigSean,ATL_Events,CalvinHarris,MariahCarey,aliciakeys,tarajiphenson,ciara,Tip,fatbellybella,ryancameron,1future"
234,0.1375,0.0909,0.43,151.30,91,81.17,8,239.97,11,9,0.59,1.49,0.12,0.80,0.25,48,entertainment,arts,Art,"art,photographi,cultur,architectur,artist,print,ghrey,bai,cervic,nikon,fun,design,photograph,diy,news","ajc,wsbtv,FreakyTheory,DeviantArt,metmuseum,MuseumModernArt,planetepics,GAFollowers,Guggenheim,cl_atlanta,Tate,MeetAnimals,DesignMuseum,vangoghmuseum,AtlantaFalcons,ATL_Events,awkwardgoogle,RealTouchingPic,HomeAdore,ATLHawks,CreativeReview,architecturehub,chrissyteigen,ArchDigest,CityofAtlanta"
281,0.1703,0.1284,0.54,163.35,85,68.01,6,134.90,7,4,0.38,1.66,0.18,0.86,0.28,49,entertainment,TV,tv,"entertain,rap,hip-hop,music,tv,axe,fun,cultur,love,ordain,mone,i'm,wwa,myle,entretenimiento","danielhowell,AmazingPhil,camerondallas,ajc,wsbtv,connorfranta,AtlantaFalcons,GAFollowers,cl_atlanta,jccaylen,KianLawley,EthanDolan,GraysonDolan,ATL_Events,VancityReynolds,ATLHawks,tarajiphenson,KasimReed,fatbellybella,FOX5Atlanta,Tip,chrisbrown,coldplay,rihanna,CityofAtlanta"
402,0.1464,0.1289,0.60,172.53,105,51.08,13,601.53,7.5,5,0.36,1.35,0.12,0.84,0.24,50,entertainment,TV,Events,"sport,music,rap,nfl,nba,hip-hop,entertain,tv,soul,colleg,celebr,footbal,game,fit,spect","ajc,wsbtv,justinbieber,ladygaga,GAFollowers,petewentz,halsey,rihanna,LuceroMexico,kanyewest,TheAJMendez,cl_atlanta,IGGYAZALEA,WWESheamus,AtlantaFalcons,KOlusola,MariaSharapova,WWEUniverse,WWE,wizkhalifa,tarajiphenson,camerondallas,JVCKJ,jccaylen,KianLawley"
209,0.1499,0.1297,0.58,180.30,55,44.43,8,249.49,12,11,0.37,1.64,0.28,0.95,0.27,51,entertainment,random,"Local Mix [Events, Self Help, Sports]","paint,erfanfakhim,___,ksi,vape,schooler,ilov,wifi,need,fmoig,follow,0.875,middl,caregiv,commerci","GwinnettSchools,AtlantaMagazine,ajc,cl_atlanta,UGAAthletics,AtlantaFalcons,FOX5Atlanta,ATL_Events,wsbtv,Braves,AndyStanley,11AliveNews,ClarkHoward,ATLHawks,GeorgiaFootball,FultonCoSchools,GAFollowers,M_Ryan02,BillGates,CityofAtlanta,BarackObama,Talkmaster,TheEllenShow,cnnbrk,jimmyfallon"
432,0.1407,0.1211,0.28,144.59,87,71.78,6,447.92,8,6,0.63,1.53,0.23,0.76,0.26,52,entertainment,beauty,hair,"fashion,beauti,hair,lifestyl,jewelri,cloth,beard,live,apparel,item,life,i'm,price,style,accessori","ajc,wsbtv,karliekloss,AtlantaFalcons,GAFollowers,chrissyteigen,GiGiHadid,laurDIY,Caradelevingne,AndreaRussett,ALISHAMARIE,cl_atlanta,victoriabeckham,BethanyMota,lifeaseva,rclbeauty101,ATL_Events,heidiklum,ATLHawks,marcjacobs,KendallJenner,Bourdain,CityofAtlanta,KasimReed,travel"
511,0.1136,0.0617,0.47,495.25,258,545.55,76,2432.71,222,29,0.47,2.10,0.29,0.89,0.29,53,entertainment,lifestyle,Travel,"travel,hotel,airport,trip,luxuri,experi,pilot,wanderlust,cruis,adventur,servic,compani,bed,airlin,food","ajc,TravelLeisure,travelchannel,NatGeoTravel,Delta,CNTraveler,lonelyplanet,SouthwestAir,TravelMagazine,wsbtv,AmericanAir,cl_atlanta,fodorstravel,united,JetBlue,ATL_Events,AtlantaMagazine,TripAdvisor,CityofAtlanta,usatodaytravel,BarackObama,nytimestravel,travel,GAFollowers,nytimes"
230,0.1425,0.1003,0.29,542.57,396,802.42,120,5400.95,1204,100,0.66,1.99,0.09,0.91,0.31,54,entertainment,news,Paparazzi,"love,mother,god,forgotten,#paparazzi,bivin,life,tale,beasley,edit,singer,imag,changer,new,priestess","MrRickyBell,617MikeBiv,KingBobbyBrown,RonDeVoe,JohnnyGill,RalphTresvant,BarackObama,NewEdition,tarajiphenson,KevinHart4real,Tip,Oprah,tylerperry,ajc,RickeySmiley,rihanna,itsgabrielleu,MichelleObama,Ludacris,IAmSteveHarvey,wsbtv,Diddy,TheEllenShow,Kandi,maryjblige"
205,0.1220,0.0802,0.65,434.21,302,893.71,145,10789.15,714,75,0.37,2.11,0.22,0.93,0.30,55,society,business,founder,"busi,founder,radiant,entrepreneur,owner,best,ceo,awad,gwaan,small,consult,help,hive,wine,passion","BarbaraCorcoran,robertherjavec,LoriGreiner,kevinolearytv,TheSharkDaymond,mcuban,ABCSharkTank,ajc,BarackObama,Oprah,realDonaldTrump,Entrepreneur,Forbes,BillGates,cnnbrk,wsbtv,CNN,nytimes,CityofAtlanta,elonmusk,FOX5Atlanta,TheEllenShow,WSJ,GAFollowers,marcuslemonis"
214,0.1533,0.1454,0.22,489.02,334,610.26,161,7913.72,2749.5,129,0.78,1.37,0.02,0.87,0.28,56,entertainment,lifestyle,belong,"cheekyman,scentsi,live,heart,princess,lover,#seo,guru,gorgeous,ny,belong,#brand,oh,healthier,wifey","snooki,DJPaulyD,VINNYGUADAGNINO,JENNIWOWW,KimKardashian,khloekardashian,kourtneykardash,Drake,TheEllenShow,rihanna,BarackObama,robkardashian,KylieJenner,SammiSweetheart,wizkhalifa,DeenaNicoleMTV,LilTunechi,ajc,justinbieber,chrisbrown,KevinHart4real,ladygaga,NICKIMINAJ,KendallJenner,MileyCyrus"
546,0.1118,0.0689,0.20,352.23,230,1087.49,93.5,2430.98,434,49,0.77,1.91,0.07,0.91,0.31,57,entertainment,lifestyle,lover,"lover,mom,love,wife,dog,travel,i'm,photograph,friend,thing,work,anim,daughter,fanat,mother","BertShowBert,TheBertShow,KrisKling,JeffDauler,ajc,JennHobby,TheEllenShow,MelissaCarter,CassandraYoung,Q997Atlanta,jimmyfallon,wsbtv,BarackObama,cnnbrk,DaviCrimmins,wendyradio,MootePoints,jtimberlake,Oprah,taylorswift13,AtlantaFalcons,CNN,Braves,chelseahandler,11AliveNews"
494,0.1178,0.0679,0.18,343.45,284,202.78,82,2429.12,561,63,0.80,1.62,0.03,0.86,0.29,58,entertainment,TV,mom,"lover,love,realiti,mom,life,tv,wife,friend,rodan,wine,dog,obsess,thing,girl,bravo","TheEllenShow,ajc,Andy,KyleRichards,Bethenny,LisaVanderpump,jimmyfallon,BravoTV,KimKardashian,jtimberlake,BarackObama,taylorswift13,chelseahandler,khloekardashian,tamrajudgeOC,NeNeLeakes,Kimzolciak,katyperry,Oprah,kourtneykardash,Teresa_Giudice,ladygaga,britneyspears,blakeshelton,BrandiGlanville"
217,0.1402,0.1243,0.36,517.00,362,474.57,100,5672.06,887,85,0.61,1.62,0.06,0.89,0.29,59,entertainment,lifestyle,love,"__'__________,______,mother,actor,love,unsigned_muzik,god,let,actress,pas,jr,jah,music,healthi,youtub","JussieSmollett,EmpireFOX,YazzTheGreatest,tarajiphenson,BarackObama,LadyGraceByers,GabbySidibe,leedanielsent,KevinHart4real,rihanna,terrencehoward,tylerperry,Oprah,Tip,Drake,TheEllenShow,chrisbrown,ajc,TaRhondajay,itsgabrielleu,EmpireWriters,aliciakeys,wsbtv,kerrywashington,KimKardashian"
422,0.1841,0.1643,0.33,587.05,452,1284.16,591.5,27019.75,13900.5,148,0.72,0.89,0.03,0.96,0.29,60,entertainment,social media,model ,"ig,bitch,instagram,atl,model,clark,gsu,bo,mommi,lash,snapchat,sdvr,________,missambergold,djjoebrown","ShannadeJenee,ShannonJessie,rihanna,theestallion,NICKIMINAJ,iamcardib,KimKardashian,AriTheDon,waydamin,Drake,ThegirlJT,1future,KylieJenner,youngthug,AaliyahJay,IAMSUMMERWALKER,sza,OkayKarlae,JheneAiko,kashdoll,dearra,GAFollowers,lilbaby4PF,chrisbrown,kanyewest"
616,0.1195,0.0575,0.56,317.84,113,590.97,33,1686.90,59.5,21,0.40,1.85,0.23,0.91,0.28,61,society,education,Georgia Tech,"@georgiatech,tech,student,engin,phd,comput,georgia,gt,@gtcomput,cs,ml,scienc,research,#machinelearn,learn","GeorgiaTech,ajc,CityofAtlanta,MidtownATL,wsbtv,AtlantaFalcons,ATL_Events,AtlantaMagazine,AtlantaBeltLine,cl_atlanta,GAFollowers,DiscoverAtlanta,FOX5Atlanta,ATLHawks,piedmontpark,11AliveNews,KasimReed,AtlBizChron,ATLINtownPaper,BarackObama,AtlanticStation,Braves,ATLUTD,fatbellybella,gtcomputing"
280,0.1278,0.1178,0.80,902.74,435,1536.56,79.5,5318.95,208,28,0.20,1.89,0.16,0.92,0.29,62,sports,Football,NFL,"sport,footbal,nfl,fan,player,nba,@mbstadium,hof,falcon,@atlantafalcon,jboykin,sponsorship,beek,athlet,fantasi","Raiders,steelers,Seahawks,AtlantaFalcons,Broncos,Ravens,Giants,Patriots,dallascowboys,packers,Panthers,RamsNFL,HoustonTexans,Chiefs,Eagles,ajc,NFL,Saints,Buccaneers,49ers,Chargers,Browns,Vikings,Colts,nyjets"
243,0.1340,0.0905,0.24,580.31,298,560.00,113,2375.33,557,62,0.62,2.11,0.32,0.87,0.30,63,sports,Miscellaneous,Fitness,"fit,trainer,health,weight,workout,yoga,person,nutrit,loss,certifi,bodi,healthi,coach,wax,fat","WomensHealthMag,healthmagazine,ajc,Shape_Magazine,FitnessMagazine,SELFmagazine,MensHealthMag,DrOz,wsbtv,ATL_Events,TheEllenShow,AtlantaMagazine,cl_atlanta,POPSUGARFitness,EverydayHealth,WholeFoods,Oprah,JillianMichaels,cnnbrk,PreventionMag,runnersworld,EatThisNotThat,CNN,DailyHealthTips,11AliveNews"
406,0.1200,0.0611,0.54,265.56,150,365.60,41.5,2137.50,155.5,26,0.45,1.86,0.10,0.87,0.28,64,society,politics,explore,"explor,wife,que,up,ahmadiyya,digan,endors,smartlipo,georgia,nyse,opinion,outbreak,ensur,polici,sabe","GovKemp,BrianKempGA,ajc,KeishaBottoms,realDonaldTrump,BarackObama,CityofAtlanta,wsbtv,JoeBiden,FOX5Atlanta,WhiteHouse,POTUS,nytimes,CNN,cnnbrk,WSJ,staceyabrams,CDCgov,sendavidperdue,GAFollowers,HillaryClinton,SpeakerPelosi,TheEllenShow,11AliveNews,elonmusk"
498,0.1358,0.0656,0.52,285.97,101,244.13,18,3214.61,58,20,0.46,1.65,0.19,0.84,0.28,65,atlanta,University,Kennesaw State University,"ksu,kennesaw,locksmith,https://t.co/9hgrnwljso,state,construct,tape,rabbi,jewish,phonic,manag,i'm,compani,nurs,zta","kennesawstate,ajc,wsbtv,AtlantaFalcons,Braves,CobbSchools,ATLHawks,FOX5Atlanta,GAFollowers,11AliveNews,ATLUTD,KSUOwlNation,BarackObama,ATL_Events,RealCJ10,TheEllenShow,GeorgiaFootball,kennesawstfb,UGAAthletics,jimmyfallon,cl_atlanta,rihanna,espn,realDonaldTrump,cnnbrk"
532,0.1149,0.0590,0.80,615.87,398,1851.77,227,5499.38,1542.5,114,0.16,1.85,0.16,0.98,0.32,66,sports,Miscellaneous,Georgia Tech Sports,"tech,georgia,gt,jacket,offici,#togetherweswarm,yellow,@gtathlet,sport,footbal,@georgiatech,alum,#gojacket,husband,institut","GTAthletics,GeorgiaTechFB,ksugiuraajc,GeorgiaTech,CoachCollins,GTMBB,CoachPCJ,GTBaseball,GTFootball,ajc,Braves,GTJoshPastner,GTToddStansbury,AtlantaFalcons,WesDurham,Buzz_GT,BarstoolGT,espn,Kelly_Quinlan,SportsCenter,AndyDemetra,ATLUTD,RoddyJones20,ATLHawks,FTRSBlog"
340,0.1085,0.0843,0.63,460.30,336,4054.81,165.5,5252.47,1548.5,115,0.38,1.71,0.05,0.92,0.30,67,sports,Miscellaneous,AuburnU,"auburn,eagl,war,sport,#wareagl,@auburnu,alum,au,enthusiast,#wde,wde,fan,footbal,grad,tiger","AuburnFootball,AuburnTigers,CoachGusMalzahn,AuburnU,ajc,CameronNewton,coachbrucepearl,Braves,WarBlogle,AUFAMILY,DrunkAubie,AuburnMBB,BoJackson,CollegeGameDay,espn,SportsCenter,AubietheTiger01,realDonaldTrump,ESPNCFB,BarackObama,SECNetwork,AyeyoKEJO,wareaglereader,AGreeneIV,TreMason"
547,0.1150,0.0603,0.89,547.03,378,876.05,106,2684.80,539,61,0.13,2.13,0.09,0.88,0.30,68,sports,Miscellaneous,Golf,"golf,golfer,husband,tour,father,pga,sport,cours,tee,miss,club,dad,calendar,jone,fan","RickieFowler,McIlroyRory,TigerWoods,PGATOUR,bubbawatson,JordanSpieth,TheMasters,GolfChannel,DJohnsonPGA,ajc,JasonDufner,Fehertwit,GolfDigest,realDonaldTrump,IanJamesPoulter,SportsCenter,espn,Braves,PhilMickelson,Keegan_Bradley,JDayGolf,AtlantaFalcons,PGA_JohnDaly,JustinRose99,TheSergioGarcia"
232,0.1202,0.0869,0.22,573.54,468.5,474.25,254,2656.66,972,91,0.77,1.84,0.11,0.97,0.33,69,society,politics,PR,"pr,communic,relat,market,pro,public,profession,media,#pr,foodi,lover,comm,enthusiast,mom,social","ajc,PRSA,prsageorgia,PRNews,nytimes,mashable,PRWeekUS,APStylebook,AP,PRDaily,cnnbrk,BarackObama,wsbtv,CNN,WSJ,AtlantaMagazine,EdelmanPR,PRNewswire,PRDailyNews,adage,cl_atlanta,KetchumPR,AtlBizChron,NPR,HuffPost"
512,0.1092,0.0740,0.41,544.08,286,687.04,79,2537.59,278,32,0.53,2.11,0.27,0.86,0.31,70,entertainment,lifestyle,Cooking,"food,chef,cook,cater,culinari,recip,travel,gourmet,foodi,eat,meal,drink,mom,love,tast","foodandwine,bonappetit,ajc,FoodNetwork,bflay,epicurious,altonbrown,Bourdain,nytfood,GuyFieri,SAVEURMAG,GDeLaurentiis,cl_atlanta,BarackObama,wsbtv,AtlantaMagazine,WholeFoods,jamieoliver,Mariobatali,seriouseats,ATL_Events,TheEllenShow,jimmyfallon,tomcolicchio,rachaelray"
531,0.1122,0.0572,0.59,384.35,217,700.28,107,6178.92,809,81,0.39,1.63,0.11,0.89,0.29,71,atlanta,Things To Do in Atlanta,local sports,"own,de,____,manera,en,cbd,fluoresc,alum,all-tim,atlanta,¹__,kilt,gatech,trap,brett","ATLUTD,ajc,AtlantaFalcons,GAFollowers,ATLHawks,BarackObama,wsbtv,CityofAtlanta,ATL_Events,AtlantaMagazine,cl_atlanta,Braves,FOX5Atlanta,TheEllenShow,OldGeorgiaPics,GeorgiaPics,SportsCenter,AtlantaBeltLine,2DayInGAHistory,espn,CNN,11AliveNews,KeishaBottoms,cnnbrk,jimmyfallon"
373,0.1158,0.0597,0.71,490.82,292,800.33,81,3562.79,384,43,0.25,2.06,0.25,0.85,0.29,72,society,politics,Millitary,"veteran,secur,militari,feder,solut,busi,american,govern,oper,crisi,special,manag,dvid,saka,kaboom","DeptofDefense,DHSgov,ajc,StateDept,USArmy,WhiteHouse,FBI,BarackObama,USNavy,USMC,usairforce,CIA,realDonaldTrump,wsbtv,CNN,POTUS,nytimes,CityofAtlanta,TheJusticeDept,NASA,cnnbrk,WSJ,SecretService,washingtonpost,USNationalGuard"
782,0.1591,0.1094,0.87,1290.38,800.5,2678.80,244,10930.73,1910,121,0.16,1.28,0.03,0.98,0.27,73,entertainment,random,porn,"dm,content,male,porn,straight,adult,ig,video,onlyfan,freaki,creator,nsfw,atl,submiss,xxx","BlackSexVids,MissBNasty,TeannaTrump,SimoneRichards_,BrittneyJonesXX,TherealMsL0ndon,imGHETTOBARBIE,sexualbanditt,thekinkywave,imxxxdark,candacevon,theestallion,KrackinasssKeyy,LETHALLIPPSXXX,queensavagedoll,IamChASSity,RealKakeyy,therealpinkyxxx,theeministalli,notmyequal_xxx,dominicanraq,the_jada_fire,LUSCIOUSLOUIS,DestiniDaze,MochaXXXMenage"
457,0.1519,0.1575,0.59,232.31,73,107.67,9,454.90,11,9,0.34,1.79,0.26,0.76,0.27,74,sports,Miscellaneous,UGA Sports,"compani,roof,atlanta,provid,base,twitter,ga,custom,peopl,servic,fallout,larp,f_____,bornfam,aae","ajc,GeorgiaFootball,UGAAthletics,Braves,AtlantaFalcons,FOX5Atlanta,wsbtv,aaronmurray11,GAFollowers,RealCJ10,MarkRicht,11AliveNews,M_Ryan02,ATLHawks,FreddieFreeman5,GAFolIowers,TheEllenShow,jimmyfallon,BarackObama,SportsCenter,espn,cnnbrk,KevinHart4real,taylorswift13,katyperry"
1805,0.0965,0.0510,0.84,552.29,343,4114.69,115,6426.54,1446,111,0.14,1.03,0.05,0.84,0.27,75,entertainment,random,streamer,"game,gamer,twitch,streamer,stream,anim,video,play,affili,youtub,esport,player,psn,@twitch,discord","PlayStation,Twitch,NintendoAmerica,Xbox,IGN,RockstarGames,BarackObama,Ubisoft,elonmusk,Ninja,FortniteGame,Steam,MrBeastYT,discord,Pokemon,timthetatman,EA,drdisrespect,GameSpot,Bungie,PlayOverwatch,Nadeshot,pokimanelol,E3,YouTube"
210,0.1580,0.1380,0.73,357.41,275,476.42,222,10452.09,2841,132,0.39,1.46,0.08,0.85,0.28,76,entertainment,social media,Social Media,"love,____,yoadrienn,cortez,amaya,milit,des,way,pour,yet,sane,instagram,take,boss,decent","VineCreators,TwitterVideo,BarackObama,ajc,GAFollowers,Drake,KevinHart4real,rihanna,wizkhalifa,LilTunechi,KingJames,chrisbrown,TheEllenShow,JColeNC,1future,wsbtv,iamcardib,instagram,kanyewest,Wale,theestallion,Tip,lilduval,NBA,NICKIMINAJ"
635,0.1219,0.0637,0.82,1189.89,636,1559.29,373,3861.56,956,89,0.15,1.74,0.17,0.99,0.30,77,sports,Miscellaneous,Georgia High School Sports,"coach,school,high,footbal,athlet,qb,gpa,db,wr,hs,lb,rb,westlak,class,sport","RecruitGeorgia,ChadSimmons_,OfficialGHSA,Mansell247,High5Sports,247Sports,Rivals,GPBsports,WSBTVsports,SportsCenter,therealkwat,scoreatlanta,NFL,espn,GeorgiaFootball,ajc,247recruiting,KingJames,AtlantaFalcons,wsbtv,MaxPreps,BleacherReport,GAFollowers,TheOpening,RisingSeniors"
647,0.1545,0.0886,0.88,592.13,397,878.65,228,12094.67,3213,136,0.14,1.22,0.08,0.91,0.29,78,sports,Miscellaneous,Sports Gear,"sneaker,sneakerhead,ig,#sneakerhead,instagram,kick,nike,season,legendarycop,youtub,god,bio,shoe,ep,link","nikestore,footlocker,nicekicks,SneakerNews,kicksonfire,Nike,FinishLine,Jumpman23,SoleCollector,KicksDeals,J23app,ComplexSneakers,SOLELINKS,champssports,KingJames,adidasoriginals,Footaction,Drake,sneakersteal,Eastbay,kanyewest,SneakerShouts,SportsCenter,GAFollowers,BarackObama"
1731,0.0907,0.0377,0.42,817.40,438,2823.06,199,7912.96,1174,98,0.56,2.13,0.13,0.94,0.30,79,society,religion,god,"god,author,speaker,pastor,gospel,ministri,coach,jesus,life,love,christ,christian,church,purpos,minist","BishopJakes,BarackObama,JoyceMeyer,JoelOsteen,tylerperry,kirkfranklin,Oprah,IAmSteveHarvey,marvinsapp,RealFredHammond,kierrasheard,Donnieradio,ajc,therealmarymary,TyeTribbett,cecewinans,tashacobbs,KevinHart4real,tarajiphenson,jamalhbryant,MrJamesFortune,Keetwit,YolandaAdams,VaShawnMitchell,RevRunWisdom"
317,0.1466,0.1130,0.56,423.67,251,1182.52,134,6796.33,1469,112,0.45,1.14,0.04,0.93,0.27,80,entertainment,social media,tre,"ig,da,tre,littl,5southshow,@coco,arianah,sweetheartlexus,just.hga,ashnikfit,teamk,rais,black,way,trap","KarlousM,DCYOUNGFLY,chicoBean,85SouthShow,WildNOut,theestallion,iamdesibanks,rihanna,iamcardib,Emanhudson,BarackObama,Drake,lilbaby4PF,gucci1017,chrisbrown,TheBSimone,JColeNC,MeekMill,KevinHart4real,GAFollowers,1future,Tip,WORLDSTAR,youngthug,DaBabyDaBaby"
392,0.1073,0.0616,0.48,596.89,313,443.11,116,1835.97,310.5,34,0.44,2.43,0.35,0.94,0.31,81,atlanta,Real Estate,NW Region - City of Marietta/Cobb County,"cobb,help,marietta,busi,atlanta,market,northwest,metro,solut,provid,driven,client,mail,us,area","ajc,CobbNewsNow,cobbcountygovt,cityofmarietta,mdjonline,wsbtv,CobbChamber,11AliveNews,CobbSchools,FOX5Atlanta,CityofAtlanta,AtlantaMagazine,ATL_Events,EastCobbPatch,CobbBuzz,eastcobber,visitmariettaga,SmyrnaPatch,SmyrnaNews,cl_atlanta,DiscoverAtlanta,Braves,cnnbrk,cbs46,AtlBizChron"
457,0.1312,0.0999,0.60,296.36,169,115.44,30,714.10,43,19,0.41,1.83,0.27,0.78,0.28,82,atlanta,Real Estate,profession,"estat,profession,come,ga,adoro,ofcomput,showcas,artist,blerd,voluntari,cls,real,atlanta,firm,agent","ajc,Twitter,TheEllenShow,jimmyfallon,BarackObama,TwitterLive,ActuallyNPH,LIFE,wsbtv,BBCBreaking,stephenfry,TheEconomist,katyperry,BillGates,TwitterSports,rihanna,rickygervais,TEDTalks,jtimberlake,Reuters,CNN,hm,CHANEL,nytimes,ladygaga"
275,0.1303,0.0780,0.60,426.00,249,287.02,72,3522.94,494,56,0.34,1.50,0.07,0.84,0.29,83,entertainment,arts,Marvel,"comic,actor,marvel,movi,nerd,writer,opespillgam,cosplay,pop,tien,watch,becom,i'm,superhero,awkward","RobertDowneyJr,ChrisEvans,chrishemsworth,Avengers,Marvel,prattprattpratt,VancityReynolds,MarkRuffalo,JeremyRenner,BarackObama,CaptainAmerica,MarvelStudios,TomHolland1996,RealHughJackman,thorofficial,Iron_Man,Guardians,chadwickboseman,twhiddleston,SamuelLJackson,TheRealStanLee,theblackpanther,DrStrange,AntMan,ajc"
352,0.1142,0.0664,0.29,495.91,322,1490.40,107.5,5764.86,629.5,69,0.63,2.02,0.29,0.92,0.30,84,society,social justice,Black female entrepreneurs,"black,brand,entrepreneur,author,busi,women,color,event,speaker,founder,cultur,line,chang,experi,bath","blackenterprise,blackvoices,EBONYMag,Essence,TheRoot,BarackObama,ajc,Oprah,CNN,BET,tylerperry,rolandsmartin,GetJETmag,tvonetv,cnnbrk,soledadobrien,wsbtv,nytimes,ava,tarajiphenson,MichelleObama,CityofAtlanta,IAmSteveHarvey,BLACKGIRLSROCK,KevinHart4real"
202,0.1359,0.0926,0.72,478.33,325.5,405.45,178,10757.78,2757,130,0.28,1.62,0.04,0.85,0.29,85,sports,Miscellaneous,New England ,"boston,patriot,celtic,england,sox,fan,@patriot,red,sport,bruin,pat,@thugnation47,connorsirk,alum,ri","Patriots,TomBrady,RobGronkowski,Edelman11,RedSox,BarackObama,celtics,NFL,SportsCenter,espn,ajc,AdamSchefter,GAFollowers,realDonaldTrump,NHLBruins,stephenasmith,davidortiz,barstoolsports,wojespn,BillSimmons,KingJames,jimmyfallon,BleacherReport,SHAQ,Drake"
743,0.0946,0.0451,0.48,878.49,478,1000.30,293,3696.92,856,83,0.48,2.23,0.33,0.95,0.32,86,society,business,market,"market,digit,media,agenc,social,brand,advertis,strategi,#market,content,help,manag,busi,creativ,communic","ajc,mashable,adage,Adweek,FastCompany,TechCrunch,hootsuite,HubSpot,MarketingProfs,socialmedia2day,Forbes,nytimes,WIRED,AtlantaMagazine,WSJ,BarackObama,AMAAtlanta,Inc,cl_atlanta,HarvardBiz,Google,cnnbrk,CNN,SMExaminer,AtlBizChron"
323,0.1168,0.0702,0.37,529.40,329,854.18,132,5346.57,1164,97,0.62,2.00,0.07,0.87,0.29,87,society,politics,Opinion,"appel,learner,salt,travel,i'm,#theresist,lawyer,design,tri,semicolon,dptraynor,opinion,photograph,dracula,mom","RogueNASA,NotAltWorld,BarackObama,altUSEPA,RoguePOTUSStaff,HillaryClinton,AltPublicLands,MichelleObama,POTUS44,ajc,SenWarren,altusda,AOC,StephenAtHome,JoeBiden,Alt_CDC,nytimes,ACLU,SenSanders,neiltyson,Healthy_Policy,AltHHS,KamalaHarris,ewarren,BernieSanders"
216,0.1127,0.0766,0.46,563.41,271,400.23,149,1659.94,334,35,0.48,2.46,0.36,0.95,0.32,88,atlanta,Real Estate,Far NW Region ExUrbs,"atlanta,estat,clean,famili,perimet,experi,develop,vcap,home,provid,sell,firm,wife,diseas,gyro","ajc,DunwoodyGA,DunwoodyPolice,wsbtv,SandySpringsGA,DunwoodyCrier,11AliveNews,AtlantaMagazine,CityofAtlanta,FOX5Atlanta,ATL_Events,cl_atlanta,DunwoodyChamber,DiscoverAtlanta,DunwoodyPatch,GeorgiaAtoZ,NorthMetroNews,Reporter_News,ATLINtownPaper,cnnbrk,DunwoodyHOA,AtlantaBeltLine,DeKalbNewsNow,VisitDunwoody,cbs46"
318,0.1186,0.0697,0.47,712.67,454.5,548.90,150,1978.78,415.5,46,0.44,2.42,0.36,0.93,0.32,89,atlanta,Real Estate,Super-Far NW Region ExUrbs,"north,compani,servic,realtor,market,atlanta,metro,communityprofil,counti,provid,area,home,qualiti,event,clean","ajc,alpharettagov,AlpharettaPatch,AlpharettaCVB,NFultonNeighbor,CityofRoswellGA,RoswellPatch,wsbtv,AtlantaMagazine,AvalonInsider,CityofAtlanta,ATL_Events,cl_atlanta,DiscoverAtlanta,GrowAlpharetta,11AliveNews,FOX5Atlanta,cityofmiltonga,Alpharetta_CoC,AtlBizChron,gnfcc,northfulton,JohnsCreekPatch,cnnbrk,FultonCoSchools"
531,0.1520,0.1009,0.62,230.24,90,115.16,11,2990.35,19,16,0.41,1.49,0.17,0.85,0.28,90,entertainment,TV,Misc Entertainment and Local Culture,"entertain,celebr,rap,i'm,hip-hop,hair,life,pew,music,rapper,paint,tv,god,real,hottest","tarajiphenson,ajc,fatbellybella,wsbtv,Tip,ryancameron,cl_atlanta,AtlantaFalcons,1future,KasimReed,GAFollowers,BarackObama,TheEllenShow,rihanna,FOX5Atlanta,Drake,jimmyfallon,KevinHart4real,RickeySmiley,Kandi,LilTunechi,ATL_Events,SportsCenter,chrisbrown,TreySongz"
887,0.0977,0.0486,0.56,587.48,356,1452.63,217,2652.35,485,52,0.34,2.39,0.41,0.98,0.32,91,atlanta,Traffic,urban,"communiti,citi,sustain,atlanta,urban,transit,transport,energi,solar,environment,develop,polici,organ,advoc,public","CityofAtlanta,AtlantaBeltLine,ajc,atlcouncil,cl_atlanta,AtlantaMagazine,KeishaBottoms,TimKeaneATL,AtlantaRegional,ATLPlanning,atlantabike,ryangravel,SaportaReport,BarackObama,downtownatlanta,KasimReed,ATLResilience,MidtownATL,mariasaporta,ThreadATL,InvestAtlanta,atlurbanist,AtlBizChron,piedmontpark,CurbedAtlanta"
524,0.1161,0.0543,0.25,722.19,418.5,655.15,248,1873.06,507.5,58,0.50,2.52,0.58,0.96,0.32,92,society,business,nonprofit,"nonprofit,communiti,homeless,organ,youth,help,non-profit,volunt,children,empow,program,provid,social,famili,fundrais","nonprofitorgs,unitedwayatl,ajc,CityofAtlanta,ACFB,gatesfoundation,Philanthropy,CandidDotOrg,CandidSouth,HandsOnAtlanta,KasimReed,AtlantaMagazine,BarackObama,BlankFoundation,AtlantaBeltLine,CARE,NonProfitTimes,dosomething,cl_atlanta,CaseFoundation,BillGates,npquarterly,wsbtv,ATLINtownPaper,Oprah"
385,0.1188,0.0582,0.59,634.53,440,904.95,271,2228.55,418,47,0.39,2.40,0.21,0.97,0.33,93,society,politics,georgia,"georgia,polit,polici,affair,govern,public,journal-constitut,state,report,ga,@ajc,law,attorney,uga,associ","ajc,politicalinsidr,AJCGaPolitics,bluestein,GovernorDeal,GaHouseHub,GASenatePress,CaseyCagle,wsbtv,GAassemblytweet,BrianKempGA,GAChamber,GaRepublicans,Georgia_AG,CharlieBHarper,georgiagov,toddmr,kbwingfield,gapundit,SenatorIsakson,peachpundit,NathanDeal,CityofAtlanta,samolens,KasimReed"
376,0.1187,0.0547,0.46,1014.56,587,1242.98,292,5392.17,1043,94,0.46,2.26,0.23,0.99,0.32,94,society,politics,state,"georgia,democrat,polit,state,legisl,progress,district,advoc,justic,opinion,polici,senat,law,activist,former","staceyabrams,GeorgiaDemocrat,BarackObama,elenaparent,bluestein,GAHouseDems,ajc,GASenateDems,NikemaWilliams,repjohnlewis,RepScottHolcomb,redclaydems,BeeForGeorgia,georgiayds,senatorjen,SenNanOrrock,politicalinsidr,CityofAtlanta,HillaryClinton,AJCGaPolitics,Cannonfor58,ossoff,fairfightaction,SamforGeorgia,KamalaHarris"
296,0.1316,0.0633,0.58,383.54,273,288.06,88.5,3093.46,722.5,76,0.47,1.66,0.02,0.89,0.28,95,society,politics,Politicians,"cat,polit,emori,dog,born,interest,opinion,@wellstarhealth,phd,research,mama,disney,tweet,@georgiatechea,hiker","jonfavs,jonlovett,TVietor08,danpfeiffer,BarackObama,PodSaveAmerica,crookedmedia,AOC,JoeBiden,KamalaHarris,ewarren,staceyabrams,SenWarren,HillaryClinton,ajc,nytimes,MichelleObama,SenSanders,StephenAtHome,BernieSanders,jaketapper,maddow,NateSilver538,repjohnlewis,POTUS44"
246,0.1385,0.0786,0.28,379.92,250,712.97,180,5372.39,1491,113,0.77,1.44,0.02,0.88,0.29,96,entertainment,lifestyle,dog,"dog,mom,actor,writer,mfa,coffe,biling,wife,belong,cinemat,peopl,potti,tweet,black,__","Lin_Manuel,HamiltonMusical,BarackObama,DaveedDiggs,leslieodomjr,dog_rates,dog_feelings,ReneeGoldsberry,Phillipasoo,chrissyteigen,ChrisisSingin,ARamosofficial,MichelleObama,AOC,ajc,TheEllenShow,JasCephasJones,JoeBiden,OakSmash,AnnaKendrick47,jimmyfallon,StephenAtHome,VancityReynolds,KamalaHarris,ActuallyNPH"
232,0.1457,0.1241,0.83,633.90,390,18615.06,55.5,5380.97,256,31,0.18,1.69,0.19,0.89,0.28,97,sports,Basketball,Basketball,"basketbal,@nodunksinc,@theathleticnba,nba,hoop,sport,bball,sportstalk,podcast,follow,shaq,desd,turner,youtub,#nbatwitt","warriors,spurs,HoustonRockets,okcthunder,cavs,LAClippers,ATLHawks,KingJames,Lakers,MiamiHEAT,PelicansNBA,NBA,BrooklynNets,celtics,memgrizz,chicagobulls,Bucks,WashWizards,KDTrey5,StephenCurry30,sixers,hornets,nyknicks,Pacers,SportsCenter"
338,0.1242,0.0693,0.81,807.92,545,762.71,142.5,6058.16,2148,123,0.25,1.58,0.07,0.94,0.27,98,society,politics,socialist,"socialist,progress,berni,@metroatldsa,democrat,polit,#m4a,#bernie2020,#notmeus,#blm,#medicareforal,#blacklivesmatt,queer,medicar,abolish","AOC,briebriejoy,ninaturner,BernieSanders,SenSanders,IlhanMN,krystalball,RashidaTlaib,DemSocialists,KyleKulinski,BenjaminPDixon,justicedems,AnaKasparian,davidsirota,MetroATLDSA,ggreenwald,theintercept,cenkuygur,CornelWest,GravelInstitute,CoriBush,ryangrim,People4Bernie,jacobinmag,kenklippenstein"
390,0.1269,0.0622,0.54,323.00,257,1251.84,218.5,11204.16,3039.5,135,0.59,1.27,0.04,0.94,0.28,99,entertainment,news,Pop culture & news: Black progresive,"alumna,black,#blacklivesmatt,phd,acab,queer,matter,hayley,gsu,_vegan,chees,telegram,ich,emori,criminolog","WhereProtest,BarackObama,AOC,GAFollowers,KeishaBottoms,ajc,staceyabrams,BernieSanders,chrissyteigen,MichelleObama,CityofAtlanta,LilNasX,theestallion,POTUS44,rihanna,iamcardib,nytimes,wsbtv,NPR,SenSanders,ewarren,repjohnlewis,chancetherapper,dog_rates,StephenAtHome"
902,0.1050,0.0454,0.50,294.10,132,627.32,39.5,2804.78,134.5,25,0.43,2.02,0.13,0.79,0.28,100,society,education,journalist,"news,journalist,law,secur,american,sale,en,specialist,cnn,world,spend,instructor,litig,ingeniero,editor","ajc,BarackObama,cnnbrk,CNN,nytimes,AP,washingtonpost,BBCBreaking,wsbtv,WhiteHouse,BBCWorld,ABC,POTUS,WSJ,realDonaldTrump,Reuters,TIME,HillaryClinton,ObamaWhiteHouse,NBCNews,CBSNews,POTUS44,NPR,TheEllenShow,HuffPost"
385,0.1243,0.0622,0.81,418.23,214,592.62,66,2849.14,444,50,0.23,1.64,0.05,0.86,0.28,101,society,education,space,"space,engin,data,student,aerospac,scienc,architect,tweet,1x,sci-fi,thing,hadoop,#tesla,enthusiast,mongodb","SpaceX,elonmusk,NASA,Tesla,BarackObama,Space_Station,BillGates,neiltyson,ajc,NASAJPL,NASAHubble,MarsCuriosity,NASAKennedy,realDonaldTrump,NASA_Johnson,nytimes,BillNye,StationCDRKelly,CityofAtlanta,NatGeo,AOC,wsbtv,CNN,POTUS,BBCBreaking"
402,0.1187,0.0645,0.72,598.20,426,1751.37,159.5,7714.63,2307,125,0.28,1.87,0.08,0.89,0.29,102,entertainment,arts,comic,"geek,comic,writer,nerd,dragon,occasion,game,gamer,con,war,stuff,design,fantasi,most,convent","wilw,NathanFillion,SirPatStew,HamillHimself,feliciaday,ActuallyNPH,BarackObama,pattonoswalt,neilhimself,GeorgeTakei,StephenAtHome,levarburton,DragonCon,donttrythis,neiltyson,ConanOBrien,RobertDowneyJr,simonpegg,IanMcKellen,AOC,ChrisEvans,starwars,NASA,AlanTudyk,SteveMartinToGo"
243,0.1229,0.1050,0.69,576.81,428,642.28,135,4315.91,1572,116,0.32,1.69,0.04,0.90,0.29,103,entertainment,arts,Comedy,"comedi,comedian,writer,comic,cat,host,movi,podcast,cherith,e-bay,stand-up,godaddi,tortilla,chees,funni","pattonoswalt,kumailn,PFTompkins,mulaney,StephenAtHome,ConanOBrien,SarahKSilverman,BarackObama,chelseaperetti,nickkroll,meganamram,robdelaney,marcmaron,birbigs,hannibalburess,JimGaffigan,TheOnion,kristenschaaled,AndyRichter,michaelianblack,SteveMartinToGo,AOC,azizansari,mradamscott,peteholmes"
208,0.1283,0.0591,0.57,317.35,225.5,289.63,51,2688.29,454.5,51,0.45,1.68,0.02,0.84,0.27,104,society,social justice,Biden,"leesadi,enforc,recoveri,data,lover,enthusiast,#justiceforbreonnataylor,black,learn,polit,forens,#blacklivesmatt,queer,feminist,flag","AOC,IlhanMN,RashidaTlaib,AyannaPressley,Ilhan,BarackObama,RepPressley,RepRashida,KamalaHarris,BernieSanders,SenSanders,ewarren,staceyabrams,SenWarren,JoeBiden,MichelleObama,SpeakerPelosi,RepMaxineWaters,HillaryClinton,nytimes,ajc,SenKamalaHarris,CNN,repjohnlewis,KeishaBottoms"
792,0.1055,0.0485,0.73,550.82,313,462.61,110,2689.08,381.5,41,0.25,2.26,0.29,0.89,0.29,105,society,business,Finance,"financi,busi,invest,financ,trader,compani,investor,capit,servic,solut,wealth,advisor,manag,profession,econom","Forbes,WSJ,ajc,business,CNBC,MarketWatch,TheEconomist,nytimes,businessinsider,FortuneMagazine,ReutersBiz,FinancialTimes,FT,Inc,CNN,cnnbrk,BarackObama,WSJbusiness,jimcramer,realDonaldTrump,BillGates,BW,Entrepreneur,HarvardBiz,Reuters"
276,0.1163,0.0687,0.70,716.11,461.5,762.84,243,2132.97,878.5,84,0.24,2.37,0.40,0.90,0.30,106,society,business,Technology,"solut,technolog,cloud,softwar,mobil,custom,lead,provid,market,tech,sale,analyt,data,digit,applic","TechCrunch,WIRED,ajc,Gizmodo,ForbesTech,engadget,CNET,mashable,Gartner_inc,Forbes,WSJ,forrester,verge,BillGates,HarvardBiz,FastCompany,Google,lifehacker,CNETNews,nytimes,salesforce,hootsuite,HuffPostTech,CIOonline,Microsoft"
1273,0.0851,0.0419,0.71,818.54,493,1263.78,321,3086.87,709,74,0.26,2.21,0.31,0.98,0.31,107,society,business,startup,"startup,tech,founder,entrepreneur,co-found,technolog,innov,build,ventur,market,ceo,develop,softwar,product,investor","ATLTechVillage,hypepotamus,VentureAtlanta,atdc,StartupAtlanta,davidcummings,ATLTechEdge,ajc,InvestAtlanta,TechCrunch,TechSquare,TAGthink,Angel_Atlanta,atlchamber,AtlBizChron,switchyards,pauljudge,elonmusk,ATLTechBlogs,BarackObama,CityofAtlanta,tavani,jen_bonnett,davempayne,FlashpointGT"
212,0.1340,0.0640,0.58,994.49,497.5,7008.33,200,5343.96,840,82,0.46,2.25,0.07,0.88,0.30,108,society,politics,Republican1,"cnn,endors,@cnn,produc,journalist,retweet,editor,news,anchor,senior,hln,espaol,rt,en,alum","CNN,andersoncooper,wolfblitzer,BarackObama,cnnbrk,donlemon,jaketapper,Acosta,ChrisCuomo,AC360,DanaBashCNN,nytimes,BrookeBCNN,JohnKingCNN,HillaryClinton,brianstelter,drsanjaygupta,CNNPolitics,ajc,washingtonpost,AP,JoeBiden,soledadobrien,cnni,brikeilarcnn"
1883,0.0944,0.0497,0.52,927.92,366,1129.79,97,6672.11,1224,101,0.48,2.26,0.06,0.85,0.29,109,society,politics,Republican2,"#resist,polit,trump,liber,democrat,resist,vote,justic,#bidenharris2020,#fbr,#blm,retir,#theresist,wife,lover","BarackObama,JoeBiden,KamalaHarris,maddow,ProjectLincoln,HillaryClinton,SpeakerPelosi,gtconway3d,AOC,JoyAnnReid,MichelleObama,RepAdamSchiff,ewarren,SteveSchmidtSES,TheRickWilson,staceyabrams,SenWarren,PreetBharara,chrislhayes,jaketapper,nytimes,sarahcpr,SenKamalaHarris,Yamiche,Acosta"
464,0.1168,0.0775,0.91,474.01,284.5,798.70,79,4773.66,731.5,78,0.09,1.98,0.09,0.95,0.30,110,sports,Football,Atlanta Sports: 929 The Game,"sport,falcon,fan,atlanta,@929thegam,hawk,father,radio,#riseup,brave,unit,i'm,produc,husband,footbal","putemupcdukes,929TheGame,DukesandBell929,MikeBellATL,MikeConti929,Bighugh53,AtlantaFalcons,JohnFricke,JohnMichaelsU,MiddayShow929,wendyradio,TBM929,randymac81,squidbilly929,ATLHawks,BarackObama,Braves,ajc,archerqb16,SportsCenter,M_Ryan02,AdamSchefter,ATLUTD,NFL,espn"
350,0.1404,0.0934,0.95,384.11,313.5,620.81,201.5,4355.24,1805,119,0.07,1.51,0.01,0.89,0.28,111,sports,Football,University,"alum,sport,brave,miss,fan,footbal,lacross,univers,gambler,ole,crimson,alabama,@whsboyslax,awl,like","BarstoolBigCat,PFTCommenter,barstoolsports,stoolpresidente,PardonMyTake,SportsCenter,realDonaldTrump,PatMcAfeeShow,AdamSchefter,Braves,espn,hen_ease,AtlantaFalcons,BleacherReport,ATLHawks,notthefakeSVP,GAFollowers,ATLUTD,KFCBarstool,wojespn,elonmusk,KingJames,ajc,BSSportsbook,_rone"
867,0.1048,0.0591,0.81,630.51,437,2012.73,151,6728.25,1597,117,0.21,1.84,0.08,0.92,0.31,112,sports,Miscellaneous,Baseball,"brave,basebal,sport,fan,#chopon,#brave,falcon,@brave,husband,atlanta,mlb,tweet,hawk,former,#forthea","Braves,RealCJ10,MLB,FreddieFreeman5,mlbbowman,Ken_Rosenthal,DOBrienATL,Buster_ESPN,FOXSportsBraves,LieutenantDans7,ajc,KevinMcAlpin,ronaldacunajr24,MLBNetwork,Tom_Glavine,KelsWingert,ozzie,AtlantaFalcons,mlbtraderumors,SportsCenter,espn,DaleMurphy3,680TheFan,PeterMoylan,JeffFrancoeur"
235,0.1402,0.1227,0.55,274.49,138,315.79,51,3377.41,235,30,0.39,1.66,0.12,0.88,0.29,113,sports,Football,UGA Football1,"uga,dawg,periodont,netapp,#ugafootbal,conserv,prolli,buy,nu,administr,stunt,alpharetta,go,like,varsiti","GeorgiaFootball,UGAAthletics,ajc,AtlantaFalcons,wsbtv,GAFollowers,Braves,KirbySmartUGA,ATLHawks,FOX5Atlanta,BarackObama,realDonaldTrump,ATLUTD,11AliveNews,SportsCenter,TheEllenShow,TG3II,UGAfootballLive,MarkRicht,espn,KingJames,universityofga,cnnbrk,CityofAtlanta,jimmyfallon"
306,0.1198,0.0743,0.83,540.26,352,2091.61,143,5163.41,1250.5,103,0.18,1.92,0.06,0.94,0.30,114,sports,Football,UGA Football2,"uga,dawg,footbal,#godawg,fan,go,georgia,sport,colleg,alum,bulldog,#committotheg,father,grad,husband","KirbySmartUGA,GeorgiaFootball,Flyguy2stackz,UGAAthletics,NickChubb21,FrommJake,TG3II,skinnyqb10,UGAfootballLive,aaronmurray11,RadiNabulsi,MarkRicht,MecoleHardman4,RoquanSmith1,ctowersajc,DawgNation,SethWEmerson,davidpollack47,Braves,Dawgs247,KirkHerbstreit,AtlantaFalcons,realDonaldTrump,Truthh4,CollegeGameDay"
264,0.1200,0.0842,0.88,462.66,295.5,346.62,72,2195.57,357.5,36,0.10,2.18,0.16,0.92,0.31,115,sports,Football,Atlanta Sports (football) talk shows,"sport,fan,brave,father,dad,husband,falcon,control,casino,pest,uga,enthusiast,@hometeambleak,win,step","RealMattlanta,kingcfb,680TheFan,BFinn86,chrisdimino,sportsandra,FrontOfficeLos,steakshapiro,JohnKincade,buckbelue8,MattandChuck,Braves,CelliniNick,brianhoyt24,AtlantaFalcons,ajc,nickandchris680,HometeamBleak,buckandkincade,680thefrontrow,RealCJ10,ATLHawks,espn,wsbtv,M_Ryan02"
1773,0.0749,0.0458,0.58,6358.29,1871,10566.56,1728,18494.21,5260,140,0.38,2.22,0.23,0.98,0.33,116,society,business,entrepreneur,"market,author,help,speaker,busi,media,entrepreneur,expert,social,brand,coach,writer,digit,#market,consult","LeadToday,LollyDaskal,SiriouslySusan,BarackObama,ajc,benlandis,MurrayNewlands,AskAaronLee,CynthiaLIVE,LarryWentz,2morrowknight,WarrenWhitlock,kimgarst,colortheory,rogerhamilton,MySOdotCom,DrJeffersnBoggs,shwood,CollChris,StartupPro,alispagnola,AxelKoster,JETAR9,BruceVH,zaibatsu"
429,0.1261,0.0800,0.50,333.88,140,1480.51,47,3814.97,128,24,0.39,2.25,0.35,0.89,0.30,117,atlanta,Traffic,Traffic,"atlanta,report,servic,accid,provid,traffic,metro,de,radio,news,injuri,@cbs46,area,wsb,consul","ajc,wsbtv,FOX5Atlanta,11AliveNews,CityofAtlanta,cbs46,11Alive,GoodDayAtlanta,AtlantaMagazine,cl_atlanta,ATL_Events,BarackObama,Atlanta_Police,DiscoverAtlanta,cnnbrk,wsbradio,MidtownATL,AtlantaBeltLine,ATLINtownPaper,CNN,KasimReed,GAFollowers,AtlantaFalcons,AtlBizChron,nytimes"
682,0.1051,0.0480,0.52,694.23,400.5,2540.51,187,5914.50,631.5,70,0.44,2.17,0.22,0.95,0.33,118,society,politics,report,"news,@wsbtv,report,wsb-tv,fox,@fox5atlanta,anchor,investig,atlanta,emmi,photojournalist,produc,@gooddayatlanta,endors,journalist","ajc,wsbtv,FOX5Atlanta,CityofAtlanta,11AliveNews,FBlankenshipWSB,JovitaMoore,BradNitzWSB,KarenMintonWSB,GlennBurnsWSB,LindaWSB,GoodDayAtlanta,cbs46,JustinFarmerWSB,JoanneFOX5,MarkArum,CNN,BarackObama,cnnbrk,KatieBFOX5,carolsbargeWSB,Fox5Kaitlyn,cl_atlanta,MonicaWSB,wsbradio"
510,0.1044,0.0544,0.39,605.59,401.5,2079.40,243,2800.19,576.5,64,0.42,2.27,0.45,0.98,0.33,119,entertainment,arts,Atlanta fine/performing arts,"art,artist,theatr,atlanta,galleri,perform,contemporari,museum,curat,creativ,communiti,cultur,danc,visual,space","HighMuseumofArt,cl_atlanta,artsatlorg,ajc,TheWoodruff,WonderRoot,AtlantaMagazine,cl_atlantaarts,GoatFarmArtsCtr,ATL_Events,AtlantaBeltLine,BurnawayGA,atlcontemporary,ATLINtownPaper,CityofAtlanta,MOCAGA,AtlArtsNews,TheFoxTheatre,FluxProjects,mintatl,alliancetheatre,AtlantaPlanIt,piedmontpark,eyedrum,MidtownATL"
425,0.1419,0.1241,0.20,463.26,296,779.96,215,10529.88,2802,131,0.81,0.68,0.01,0.84,0.28,120,entertainment,lifestyle,tpwk,"harri,shirlenea,rhea,tpwk,kind,1d,love,stan,@harry_styl,#taehyung,______'__,katie_sartorui,niall,5sos,wanna","Luke5SOS,Calum5SOS,Ashton5SOS,Michael5SOS,5SOS,Harry_Styles,NiallOfficial,Louis_Tomlinson,onedirection,LiamPayne,zaynmalik,ArianaGrande,justinbieber,ShawnMendes,edsheeran,BarackObama,rihanna,ddlovato,taylorswift13,halsey,Zendaya,troyesivan,GAFollowers,colesprouse,MileyCyrus"
657,0.1170,0.0720,0.53,734.28,369,597.78,120,6363.14,725,77,0.47,1.70,0.10,0.93,0.30,121,entertainment,lifestyle,honeysoforeign,"love,i'm,lover,promot,kohanim,arial,honeysoforeign,thmh,gho,byy-polr,eazymontana,beauti,hair,music,friend","ajc,GAFollowers,AtlantaFalcons,BarackObama,wsbtv,CityofAtlanta,cl_atlanta,ATL_Events,ATLHawks,AtlantaMagazine,rihanna,Drake,TheEllenShow,KevinHart4real,KasimReed,KingJames,jimmyfallon,Oprah,kanyewest,kendricklamar,CNN,johnlegend,Diddy,cnnbrk,JColeNC"
2435,0.0812,0.0619,0.41,600.74,341,931.26,192,2219.05,397,45,0.43,2.36,0.55,0.96,0.33,122,atlanta,Things To Do in Atlanta,Food,"atlanta,food,restaur,event,local,buckhead,locat,chef,dine,bar,best,fresh,wine,servic,serv","ajc,AtlantaMagazine,ATL_Events,cl_atlanta,ATLINtownPaper,DiscoverAtlanta,tasteofatlanta,cl_atlantafood,MidtownATL,WhatNowAtlanta,atlantasocial,EaterAtlanta,piedmontpark,CityofAtlanta,yelpatlanta,ATLDiningNews,AtlantaBeltLine,AtlanticStation,DishAroundTown,TheFoxTheatre,MalikaBowling,ATLStreetFood,ATLCheap,handpickedatl,wsbtv"
573,0.1142,0.0613,0.65,627.16,401,607.15,189,3559.73,503,57,0.26,1.88,0.30,0.98,0.32,123,entertainment,music,Music: Atlanta Music Venues and Events,"music,band,rock,atlanta,record,concert,indi,musician,event,roll,ga,funk,guitar,label,art","cl_atlanta,TabernacleATL,EARL_EAV,VarPlayhouse,masquerade_atl,CenterStageAtl,ajc,CriminalRecords,cl_atlantamusic,atlantamusic,drunkenunicorn,529_EAV,StarBarAtlanta,TerminalWest,OKProductions,ATL_Events,AtlantaMagazine,SmithsOldeBar,TheFoxTheatre,eddiesattic,waxnfacts,indieATL,cl_atlantaarts,tightbros,album88atlanta"
336,0.1486,0.1151,0.19,380.56,270,579.08,228,9484.72,3879.5,139,0.81,0.80,0.01,0.90,0.28,124,entertainment,social media,Inspirational,"___,gsu,insta,tpwk,alright,like,hi,#tpwk,______,rue,______,yee,haw,1d,feet","Harry_Styles,NiallOfficial,Louis_Tomlinson,LiamPayne,zaynmalik,onedirection,ArianaGrande,BarackObama,justinbieber,rihanna,GAFollowers,taylorswift13,TheEllenShow,edsheeran,colesprouse,KimKardashian,Drake,KylieJenner,LilNasX,Zendaya,chrissyteigen,selenagomez,KendallJenner,MileyCyrus,ladygaga"
395,0.1584,0.1211,0.26,335.51,202,495.31,90,5069.18,1019,92,0.76,0.64,0.04,0.85,0.26,125,entertainment,social media,idk,"ig,insta,sc,idk,itsg0ldenn.nijah,sim,tiktok,love,ksu,snap,laynaa.grace,dadapeppa,instagram,cannabi,dolan","GraysonDolan,EthanDolan,emmachamberlain,ArianaGrande,jamescharles,justinbieber,DavidDobrik,ShawnMendes,KylieJenner,shanedawson,rihanna,JeffreeStar,KimKardashian,Zendaya,tanamongeau,camerondallas,KianLawley,jccaylen,selenagomez,BarackObama,iamcardib,KendallJenner,bretmanrock,colesprouse,TheEllenShow"
488,0.1428,0.1085,0.38,386.02,309,554.66,240.5,20731.64,7131,144,0.68,1.26,0.04,0.95,0.29,126,entertainment,social media,Black Podcasts / Vloggers,"black,alumna,i'm,thing,alum,ig,podcast,bald,#beyhiv,moon,creator,spelman,good,aunti,makeup","KidFury,crissles,ThisIsTheRead,IssaRae,BarackObama,HeyFranHey,rihanna,theestallion,solangeknowles,LookAtDustin,Beyonce,ajc,fatbellybella,MichelleObama,heyassante,chrissyteigen,Drake,iamcardib,cthagod,GAFollowers,chescaleigh,JColeNC,ava,FriendZonePod,sza"
284,0.1375,0.0977,0.48,533.96,449.5,850.86,526.5,31595.60,16376,149,0.57,1.42,0.01,0.95,0.31,127,sports,Miscellaneous,Sport Personalities,"ig,alumna,never,creator,netip,uga,kenyan,personifi,arrog,atl,hack,vt,entrepreneur,sweet,iu","airfarewatchdog,TheFlightDeal,SecretFlying,scottsflights,BarackObama,GAFollowers,rihanna,theestallion,AirfareSpot,FareDealAlert,ajc,FatKidDeals,Drake,MichelleObama,kanyewest,chrissyteigen,JColeNC,IssaRae,iamcardib,wsbtv,POTUS44,fatbellybella,CashApp,cnnbrk,1future"
512,0.1305,0.0944,0.84,436.33,335,958.22,219.5,11433.36,3777,138,0.21,0.96,0.05,0.94,0.28,128,entertainment,music,"Music: Contemporary R&B, Jazz Rap, Alternaltive Hip-hop","produc,ig,gsu,music,artist,creativ,morehous,still,black,ep,twitter,sound,spread,dfrnt,#blacklivesmatt","JIDsv,JColeNC,kendricklamar,vincestaples,tylerthecreator,zackfox,earlxsweat,kennybeats,smino,isaiahrashad,EarthGang,kanyewest,ScHoolboyQ,Thundercat,AriLennox,chancetherapper,sza,BarackObama,Dreamville,Bas,joeyBADASS,6LACK,LILUZIVERT,abdashsoul,trvisXX"
566,0.1664,0.1049,0.92,428.16,286.5,1776.32,148,7216.01,1313,106,0.05,0.97,0.03,0.90,0.28,129,sports,Basketball,mbb,"2k,ig,mbb,guard,youtub,instagram,yt,twitch,subscrib,atl,sub,athlet,hooper,basketbal,psn","NBA2K,Ronnie2K,KingJames,NBA,KDTrey5,BleacherReport,SportsCenter,kobebryant,wojespn,StephenCurry30,espn,Beluba,Drake,1future,LILUZIVERT,youngthug,lilbaby4PF,NBA2K_MyTEAM,russwest44,stephenasmith,TheTraeYoung,overtime,MeekMill,JaMorant,MELOD1P"
1404,0.0929,0.0556,0.85,446.06,307,886.69,198.5,14514.99,2844.5,133,0.13,1.51,0.07,0.92,0.29,130,sports,Basketball,Atlanta Sports,"sport,hawk,nba,basketbal,@atlhawk,#truetoatlanta,fan,ig,laker,alum,die,i'm,man,hoop,podcast","KingJames,wojespn,NBA,stephenasmith,SportsCenter,BarackObama,kobebryant,espn,KDTrey5,BleacherReport,ATLHawks,RealSkipBayless,GAFollowers,ajc,AdamSchefter,StephenCurry30,ESPNNBA,NBAonTNT,Drake,TheSteinLine,ShannonSharpe,ShamsCharania,SHAQ,AtlantaFalcons,NFL"
292,0.1354,0.1109,0.81,568.52,411,743.00,179.5,16482.91,2956,134,0.19,1.65,0.06,0.98,0.31,131,sports,Football,Atlanta Falcons,"falcon,#riseup,sport,@atlantafalcon,fan,#falcon,atlanta,#brave,#truetoatlanta,nfl,brave,#hawk,#atlantafalcon,justwaldrop,#inbrotherhood","AtlantaFalcons,M_Ryan02,debo,juliojones_11,devontafreeman,GradyJarrett,Keanu_Neal,VicBeasley3,TheFalcoholic,roddywhiteTV,Mo_12_Sanu,NFL,DesmondTrufant,CalvinRidley1,ATLHawks,AdamSchefter,Teco_Raww,BarackObama,FreakMagic2,vxmcclure23,Braves,rockorocky,ATLUTD,GAFollowers,"
288,0.1338,0.0989,0.66,514.23,298,2016.69,96,3068.92,514,60,0.32,1.96,0.15,0.92,0.31,132,sports,Football,Atlanta Falcons2,"falcon,fan,sport,atlanta,#riseup,brave,footbal,hawk,father,born,chariti,husband,team,life,love","AtlantaFalcons,roddywhiteTV,juliojones_11,TonyGonzalez88,M_Ryan02,ajc,SeanWSpoon56,HDouglas83,Qui22Rodgers,WillyMo_25,TwentyJuan21,NFL,sj39,ATLHawks,pick_six22,Braves,CoreyPeters91,BarackObama,SportsCenter,JayUhfishul,espn,biermann71,55getlive,AdamSchefter,DesmondTrufant"
308,0.1351,0.0925,0.47,395.36,230.5,1020.96,63.5,2864.16,371,38,0.53,1.99,0.12,0.84,0.30,133,entertainment,music,jazz,"jazz,music,love,art,beauti,comedian,educ,media,@loveultraradio,lmn,@naturaltrendz,legaci,live,exclam,lover","KevinHart4real,BarackObama,IAmSteveHarvey,tylerperry,Oprah,RickeySmiley,tarajiphenson,ajc,CedEntertainer,TheRealMikeEpps,itsgabrielleu,iamjamiefoxx,Tip,missjillscott,maryjblige,kerrywashington,IAMQUEENLATIFAH,TheEllenShow,fatbellybella,aliciakeys,common,MarlonWayans,justsanaa,rihanna,Kandi"
227,0.1510,0.0946,0.37,335.45,192,350.52,55,3918.69,279,33,0.60,1.86,0.14,0.91,0.28,134,entertainment,news,TV: Real Housewives of Atlanta,"life,cocoaachanel,tastiest,new,love,cough,shade,enough,cook,bless,chef,manifest,brand,back,#smallbiz","CynthiaBailey10,Kandi,NeNeLeakes,Porsha4real,PhaedraParks,KenyaMoore,IamSheree,Kimzolciak,BarackObama,ajc,iheartMarlo,rihanna,PeterThomasRHOA,tarajiphenson,Andy,Oprah,wsbtv,Tip,TheEllenShow,KevinHart4real,KimKardashian,tylerperry,RickeySmiley,chrisbrown,Drake"
429,0.1474,0.0994,0.43,156.34,52,66.37,7,591.12,9,7,0.50,1.55,0.19,0.82,0.27,135,entertainment,news,Black Media - Radio Pop Culture,"hair,love,bling,i'm,stronger,hip-hop,rap,twerk,angeltwerk,jblackmon,regga,tax,suki,quot,get","ajc,Tip,RickeySmiley,tarajiphenson,wsbtv,tylerperry,ryancameron,AtlantaFalcons,Kandi,FOX5Atlanta,fatbellybella,V103Atlanta,1future,ATLHawks,ATL_Events,cl_atlanta,GAFollowers,KasimReed,CityofAtlanta,UncleRUSH,RevRunWisdom,hot1079atl,missjillscott,BigBoi,youngthug"
410,0.1493,0.0896,0.29,402.00,255.5,2400.40,74,7348.86,370,37,0.69,1.68,0.10,0.91,0.28,136,entertainment,TV,Atlanta reality TV,"mother,singer,love,life,hair,entertain,beauti,Ä_____,enough,live,ladi,jade,stylist,actress,follow","RASHEEDA,kmichelle,MsJoseline,MsEricaDixon,hitmansteviej,BarackObama,MimiFaust,TamarBraxtonHer,reallilscrappy,rihanna,Kandi,Tip,KevinHart4real,ThaRealMommaDee,ajc,tarajiphenson,tonibraxton,chrisbrown,TrinaBraxton,IAMBENZINO,Drake,towandabraxton,wsbtv,TraciBraxton,NeNeLeakes"
493,0.1334,0.0903,0.68,6047.29,1735,6749.08,1304,22507.20,6139,142,0.17,1.71,0.13,0.98,0.32,137,entertainment,arts,artist,"artist,produc,book,music,record,dj,songwrit,ceo,ent,featur,rapper,email,radio,singer,contact","iamBig7,djwaynemccardle,ProducerPower,wearebeatflix,rowdytukgoon,magicondabeat,beatflix_es,KingDivine315,ceodjasap,BenjaminEnfield,Stardom101Mag,collectionbeats,JulianBeatsCom,JaywanIncBeats,adorablecatsWOW,mrdreamzmag,Tip,LilBankhead945,JirocaMusic,RealMagicBeats,ATLTop20,AmpOnTheTrack,SleepSkee,6BillionPeople,Drake"
671,0.1505,0.1200,0.68,1043.56,738,4801.65,581,17606.22,6026,141,0.18,1.61,0.16,0.98,0.31,138,entertainment,music,Music: Atlanta DJ,"book,dj,contact,artist,music,ceo,ent,mixtap,promot,record,info,featur,produc,prod,offici","1future,DJSCREAM,DJDRAMA,Tip,2chainz,gucci1017,SpinzHoodrich,Djholiday,DJPrettyBoyTank,DJMLK,Rocko4Real,LilBankhead945,TheDjXRated,MeekMill,LilTunechi,hot1079atl,Drake,YoGotti,wizkhalifa,Diddy,KevinHart4real,LiveMixtapes,RickRoss,DjGregStreet,SonnyDigital"
276,0.1767,0.1573,0.26,697.36,519,2997.54,647,23495.69,12240,147,0.86,0.89,0.00,0.97,0.29,139,entertainment,social media,Atlanta local celebrities,"ig,sc,alumna,__,instagram,#gsu,cau,insta,da,atl,snapchat,quinn,follow,ncat,queen","Zonnique,bahjarodriguez,reginae_carter1,lourdes_lolo,rihanna,chrisbrown,NICKIMINAJ,Drake,babydoll_omg,ToyaWright,TinyMajorMama,LilTunechi,1future,diggy_simmons,BarackObama,theestallion,JheneAiko,Zendaya,jacoblatimore,yafavdeyj,Tip,iamcardib,KimKardashian,TreySongz,JColeNC"
1663,0.1195,0.1005,0.36,544.74,369,688.28,290,17166.29,7215,145,0.68,1.49,0.03,0.93,0.30,140,society,social justice,woman,"love,ig,life,i'm,im,follow,live,woman,know,god,instagram,#teamfollowback,hair,dream,mother","KevinHart4real,chrisbrown,rihanna,BarackObama,Drake,RevRunWisdom,OneLouderApps,NICKIMINAJ,TreySongz,Tip,LilTunechi,instagram,MonicaDenise,XSTROLOGY,Kandi,LaurenLondon,KimKardashian,tarajiphenson,ZodiacFacts,Diddy,ToyaWright,KeriHilson,RickeySmiley,lala,lilduval"
200,0.1416,0.1495,0.40,915.06,537.5,1825.32,349.5,6027.70,2291,124,0.56,2.13,0.22,0.96,0.33,141,entertainment,news,laid,"event,laid,hottest,person,book,fashion,shoe,jfli,info@theepiphanysuite.com,@ibnxradio,lifestyl,pynk,v103,relat,live","ryancameron,FRANKSKI,BarackObama,ajc,RashanAli,Kandi,Oprah,KevinHart4real,V103Atlanta,NinaBrown,Diddy,RevRunWisdom,Ludacris,elleduncanESPN,KennyBurns,MonicaDenise,RickeySmiley,UncleRUSH,xonecole,tarajiphenson,Tip,KasimReed,KeriHilson,WandaSmith_ATL,DjGregStreet"
390,0.1592,0.0965,0.27,292.16,185.5,310.16,111,6402.62,1055.5,95,0.85,0.80,0.01,0.86,0.26,142,society,social justice,blm,"blm,insta,ig,like,tatianaaxv,bryttanyvictoria,love,hi,instagram,makeup,que,cough,atl,spread,twitter","JeffreeStar,shanedawson,jamescharles,KylieJenner,KimKardashian,iamcardib,ArianaGrande,rihanna,tanamongeau,bretmanrock,khloekardashian,KendallJenner,NikitaDragun,BarackObama,DavidDobrik,TheEllenShow,MileyCyrus,Drake,kourtneykardash,pulte,PostMalone,GAFollowers,justinbieber,emmachamberlain,LilNasX"
367,0.1489,0.0990,0.25,278.47,232,362.84,194,7362.35,2577,128,0.81,0.72,0.01,0.89,0.27,143,sports,Miscellaneous,allstar,"emo,acab,uh,kind,schmuck,yip,polish,venmo,blm,main,__,stingray,yeet,killa,allstar","colesprouse,dylansprouse,CaucasianJames,codyko,LilNasX,BarackObama,caseykfrey,GAFollowers,quenblackwell,chrissyteigen,tylerthecreator,thenoelmiller,Zendaya,Harry_Styles,goodbeanalt,ArianaGrande,AOC,PostMalone,BernieSanders,emmachamberlain,Drake,rihanna,RealChalamet,jaboukie,SheRatesDogs"
2943,0.1117,0.0812,0.46,1733.04,928,2185.68,1052,28954.14,16551,150,0.66,1.02,0.01,0.99,0.31,144,entertainment,social media,snapchat,"ig,alumna,sc,gsu,atl,snapchat,instagram,god,mommi,state,youtub,insta,cau,major,rest","KameronBennett,GAFollowers,theestallion,Atlantafollowme,1hakz_,jakecardiff401,rihanna,iamcardib,Drake,echemadubuike,BlackDivaModels,BarackObama,1future,KylanDMorris,chrisbrown,NICKIMINAJ,Dex_Jay,ATLPartyPlug,John_Cardiff_,JColeNC,MichaelPeter301,CardiffBros,workwthecoach,TheRealDBELLZ,CjayyTaughtHer"
5904,0.1161,0.0948,0.53,387.72,238,825.75,222.5,9853.61,2001.5,122,0.55,0.75,0.01,0.93,0.27,145,entertainment,social media,follow,"ig,instagram,sc,insta,atl,gsu,fmoig,snap,youtub,follow,shit,snapchat,lash,bitch,god","lilbaby4PF,youngthug,1future,theestallion,lildurk,waydamin,AriTheDon,iamcardib,LILUZIVERT,MoneyBaggYo,21savage,dearra,1GunnaGunna,rihanna,MeekMill,gucci1017,Drake,RoddyRicch,ThegirlJT,lilyachty,trvisXX,DaBabyDaBaby,IAMSUMMERWALKER,KodakBlack1k,"
269,0.1741,0.1441,0.51,543.03,371,888.96,485,17965.68,8137,146,0.47,0.85,0.00,0.95,0.29,146,entertainment,social media,alumna,"ig,alumna,morehous,futur,daloamazin,k_chuckman,atl,gsu,#blacklivesmatt,state,np,wbb,god,uwg,everywher","INTERIORPORN1,benwegmann,GAFollowers,rihanna,theestallion,HBCUfessions,BarackObama,iamcardib,milktpapi,JheneAiko,JColeNC,Drake,iamdesibanks,Druski2Funny,BrotherNature,LilNasX,YPAtlantaGA,kanyewest,CashApp,1future,sza,Zendaya,DemetriusHarmon,BiIlionaires,MeekMill"
313,0.1677,0.1368,0.11,253.41,180,2004.03,183,9655.06,3389,137,0.83,0.66,0.01,0.92,0.27,147,society,social justice,#blacklivesmatt,"gsu,ig,#blacklivesmatt,insta,gibran,sc,____,jalisco,everyon,silk,spam,ari,long,bitch,kpop","bretmanrock,theestallion,LilNasX,iamcardib,quenblackwell,BrotherNature,rihanna,ArianaGrande,milktpapi,DemetriusHarmon,Zendaya,GAFollowers,sanbenito,BarackObama,DojaCat,sza,JAYVERSACE,KylieJenner,lifeofrickey,tylerthecreator,JheneAiko,chrissyteigen,Drake,Kehlani,theweeknd"
580,0.1485,0.1201,0.29,495.73,321.5,945.29,373,19881.25,7028.5,143,0.82,0.80,0.02,0.95,0.28,148,society,social justice,black,"ig,alumna,gsu,black,matter,leo,mua,spelman,ari,moon,__,femm,atl,howardu,scorpio","jackieaina,theestallion,alissa_ashleyy,rihanna,arnellarmon,melanatedmomma,sza,JheneAiko,Zendaya,MakeupForWOC,JAYVERSACE,choycebrown,Kehlani,iamcardib,BarackObama,GAFollowers,LilNasX,AriLennox,IAMSUMMERWALKER,LaBeautyologist,IssaRae,quenblackwell,Drake,DemetriusHarmon,AaliyahJay"